Visit_Id,Customer_Id,Plan_Id,Branch_Id,Payment_Id,Date,Visit_Time,Updated_At
1,1,1,1,1-1,2026-02-01,2026-02-01T19:45:11.000000,2026-02-01T19:45:11.000000
2,2,1,1,2-1,2026-02-01,2026-02-01T06:19:00.000000,2026-02-01T06:19:00.000000
3,3,1,1,3-1,2026-02-01,2026-02-01T06:53:56.000000,2026-02-01T06:53:56.000000
4,4,1,1,4-1,2026-02-01,2026-02-01T17:11:39.000000,2026-02-01T17:11:39.000000
5,5,1,1,5-1,2026-02-01,2026-02-01T07:08:30.000000,2026-02-01T07:08:30.000000
6,6,1,1,6-1,2026-02-01,2026-02-01T08:18:51.000000,2026-02-01T08:18:51.000000
7,7,1,1,7-1,2026-02-01,2026-02-01T09:16:28.000000,2026-02-01T09:16:28.000000
8,8,1,1,8-1,2026-02-01,2026-02-01T20:13:51.000000,2026-02-01T20:13:51.000000
9,9,1,1,9-1,2026-02-01,2026-02-01T06:11:40.000000,2026-02-01T06:11:40.000000
10,10,1,1,10-1,2026-02-01,2026-02-01T13:10:22.000000,2026-02-01T13:10:22.000000
11,11,1,1,11-1,2026-02-01,2026-02-01T09:15:24.000000,2026-02-01T09:15:24.000000
12,12,1,1,12-1,2026-02-01,2026-02-01T18:10:30.000000,2026-02-01T18:10:30.000000
13,1,1,1,1-2,2026-02-02,2026-02-02T19:59:43.000000,2026-02-02T19:59:43.000000
14,3,3,1,3-2,2026-02-02,2026-02-02T06:34:30.000000,2026-02-02T06:34:30.000000
15,9,3,1,9-2,2026-02-02,2026-02-02T06:02:27.000000,2026-02-02T06:02:27.000000
16,11,1,1,11-2,2026-02-02,2026-02-02T09:53:23.000000,2026-02-02T09:53:23.000000
17,12,3,1,12-2,2026-02-02,2026-02-02T20:14:16.000000,2026-02-02T20:14:16.000000
18,1,4,1,1-3,2026-02-03,2026-02-03T19:48:58.000000,2026-02-03T19:48:58.000000
19,2,4,1,2-2,2026-02-03,2026-02-03T07:06:01.000000,2026-02-03T07:06:01.000000
20,3,3,1,3-2,2026-02-03,2026-02-03T07:03:40.000000,2026-02-03T07:03:40.000000
21,5,4,1,5-2,2026-02-03,2026-02-03T07:21:57.000000,2026-02-03T07:21:57.000000
22,8,3,1,8-2,2026-02-03,2026-02-03T19:02:44.000000,2026-02-03T19:02:44.000000
23,12,3,1,12-2,2026-02-03,2026-02-03T20:25:02.000000,2026-02-03T20:25:02.000000
24,4,3,1,4-2,2026-02-04,2026-02-04T18:17:44.000000,2026-02-04T18:17:44.000000
25,5,4,1,5-2,2026-02-04,2026-02-04T07:06:55.000000,2026-02-04T07:06:55.000000
26,11,1,1,11-3,2026-02-04,2026-02-04T07:18:50.000000,2026-02-04T07:18:50.000000
27,1,4,1,1-3,2026-02-05,2026-02-05T19:16:23.000000,2026-02-05T19:16:23.000000
28,6,1,1,6-2,2026-02-05,2026-02-05T10:54:56.000000,2026-02-05T10:54:56.000000
29,8,3,1,8-2,2026-02-05,2026-02-05T20:54:21.000000,2026-02-05T20:54:21.000000
30,9,3,1,9-2,2026-02-05,2026-02-05T06:43:06.000000,2026-02-05T06:43:06.000000
31,11,3,1,11-4,2026-02-05,2026-02-05T09:47:01.000000,2026-02-05T09:47:01.000000
32,12,3,1,12-2,2026-02-05,2026-02-05T17:13:37.000000,2026-02-05T17:13:37.000000
33,1,4,1,1-3,2026-02-06,2026-02-06T19:12:02.000000,2026-02-06T19:12:02.000000
34,2,4,1,2-2,2026-02-06,2026-02-06T06:11:28.000000,2026-02-06T06:11:28.000000
35,3,3,1,3-2,2026-02-06,2026-02-06T06:02:49.000000,2026-02-06T06:02:49.000000
36,4,3,1,4-2,2026-02-06,2026-02-06T19:53:40.000000,2026-02-06T19:53:40.000000
37,5,4,1,5-2,2026-02-06,2026-02-06T06:24:42.000000,2026-02-06T06:24:42.000000
38,7,1,1,7-2,2026-02-06,2026-02-06T06:47:52.000000,2026-02-06T06:47:52.000000
39,8,3,1,8-2,2026-02-06,2026-02-06T18:09:17.000000,2026-02-06T18:09:17.000000
40,9,3,1,9-2,2026-02-06,2026-02-06T06:29:34.000000,2026-02-06T06:29:34.000000
41,11,3,1,11-4,2026-02-06,2026-02-06T09:19:02.000000,2026-02-06T09:19:02.000000
42,12,3,1,12-2,2026-02-06,2026-02-06T19:26:22.000000,2026-02-06T19:26:22.000000
43,4,3,1,4-2,2026-02-07,2026-02-07T18:23:53.000000,2026-02-07T18:23:53.000000
44,5,4,1,5-2,2026-02-07,2026-02-07T06:47:42.000000,2026-02-07T06:47:42.000000
45,11,3,1,11-4,2026-02-07,2026-02-07T07:45:45.000000,2026-02-07T07:45:45.000000
46,12,3,1,12-2,2026-02-07,2026-02-07T19:11:36.000000,2026-02-07T19:11:36.000000
47,13,1,1,13-1,2026-02-07,2026-02-07T07:05:55.000000,2026-02-07T07:05:55.000000
48,2,4,1,2-2,2026-02-09,2026-02-09T06:13:24.000000,2026-02-09T06:13:24.000000
49,3,3,1,3-2,2026-02-09,2026-02-09T07:00:25.000000,2026-02-09T07:00:25.000000
50,4,3,1,4-2,2026-02-09,2026-02-09T19:28:47.000000,2026-02-09T19:28:47.000000
51,7,1,1,7-3,2026-02-09,2026-02-09T08:22:30.000000,2026-02-09T08:22:30.000000
52,9,3,1,9-2,2026-02-09,2026-02-09T06:53:50.000000,2026-02-09T06:53:50.000000
53,11,3,1,11-4,2026-02-09,2026-02-09T08:25:51.000000,2026-02-09T08:25:51.000000
54,1,4,1,1-3,2026-02-10,2026-02-10T17:20:14.000000,2026-02-10T17:20:14.000000
55,2,4,1,2-2,2026-02-10,2026-02-10T07:13:31.000000,2026-02-10T07:13:31.000000
56,6,1,1,6-3,2026-02-10,2026-02-10T06:24:34.000000,2026-02-10T06:24:34.000000
57,8,3,1,8-2,2026-02-10,2026-02-10T19:05:31.000000,2026-02-10T19:05:31.000000
58,9,3,1,9-2,2026-02-10,2026-02-10T06:50:04.000000,2026-02-10T06:50:04.000000
59,13,3,1,13-2,2026-02-10,2026-02-10T06:25:15.000000,2026-02-10T06:25:15.000000
60,1,4,1,1-3,2026-02-11,2026-02-11T20:02:25.000000,2026-02-11T20:02:25.000000
61,3,3,1,3-2,2026-02-11,2026-02-11T07:26:19.000000,2026-02-11T07:26:19.000000
62,4,3,1,4-2,2026-02-11,2026-02-11T20:17:47.000000,2026-02-11T20:17:47.000000
63,5,4,1,5-2,2026-02-11,2026-02-11T06:05:12.000000,2026-02-11T06:05:12.000000
64,8,3,1,8-2,2026-02-11,2026-02-11T18:52:42.000000,2026-02-11T18:52:42.000000
65,9,3,1,9-2,2026-02-11,2026-02-11T07:06:27.000000,2026-02-11T07:06:27.000000
66,12,3,1,12-2,2026-02-11,2026-02-11T20:02:47.000000,2026-02-11T20:02:47.000000
67,14,1,1,14-1,2026-02-11,2026-02-11T07:03:24.000000,2026-02-11T07:03:24.000000
68,1,4,1,1-3,2026-02-12,2026-02-12T20:38:57.000000,2026-02-12T20:38:57.000000
69,2,4,1,2-2,2026-02-12,2026-02-12T06:22:51.000000,2026-02-12T06:22:51.000000
70,5,4,1,5-2,2026-02-12,2026-02-12T06:48:20.000000,2026-02-12T06:48:20.000000
71,7,2,1,7-4,2026-02-12,2026-02-12T09:47:18.000000,2026-02-12T09:47:18.000000
72,8,3,1,8-2,2026-02-12,2026-02-12T18:10:52.000000,2026-02-12T18:10:52.000000
73,9,3,1,9-2,2026-02-12,2026-02-12T07:21:26.000000,2026-02-12T07:21:26.000000
74,11,3,1,11-4,2026-02-12,2026-02-12T08:35:08.000000,2026-02-12T08:35:08.000000
75,12,3,1,12-2,2026-02-12,2026-02-12T19:44:56.000000,2026-02-12T19:44:56.000000
76,13,3,1,13-2,2026-02-12,2026-02-12T06:10:57.000000,2026-02-12T06:10:57.000000
77,14,4,1,14-2,2026-02-12,2026-02-12T06:50:41.000000,2026-02-12T06:50:41.000000
78,1,4,1,1-3,2026-02-13,2026-02-13T20:16:19.000000,2026-02-13T20:16:19.000000
79,2,4,1,2-2,2026-02-13,2026-02-13T06:03:43.000000,2026-02-13T06:03:43.000000
80,3,3,1,3-2,2026-02-13,2026-02-13T06:32:24.000000,2026-02-13T06:32:24.000000
81,4,3,1,4-2,2026-02-13,2026-02-13T19:36:19.000000,2026-02-13T19:36:19.000000
82,5,4,1,5-2,2026-02-13,2026-02-13T06:17:35.000000,2026-02-13T06:17:35.000000
83,7,2,1,7-4,2026-02-13,2026-02-13T10:01:42.000000,2026-02-13T10:01:42.000000
84,8,3,1,8-2,2026-02-13,2026-02-13T20:23:05.000000,2026-02-13T20:23:05.000000
85,9,3,1,9-2,2026-02-13,2026-02-13T06:32:56.000000,2026-02-13T06:32:56.000000
86,14,4,1,14-2,2026-02-13,2026-02-13T06:45:47.000000,2026-02-13T06:45:47.000000
87,15,1,1,15-1,2026-02-13,2026-02-13T19:32:42.000000,2026-02-13T19:32:42.000000
88,3,3,1,3-2,2026-02-14,2026-02-14T06:20:50.000000,2026-02-14T06:20:50.000000
89,5,4,1,5-2,2026-02-14,2026-02-14T06:15:46.000000,2026-02-14T06:15:46.000000
90,8,3,1,8-2,2026-02-14,2026-02-14T18:45:28.000000,2026-02-14T18:45:28.000000
91,9,3,1,9-2,2026-02-14,2026-02-14T07:30:12.000000,2026-02-14T07:30:12.000000
92,10,1,1,10-2,2026-02-14,2026-02-14T18:58:44.000000,2026-02-14T18:58:44.000000
93,12,3,1,12-2,2026-02-14,2026-02-14T20:00:53.000000,2026-02-14T20:00:53.000000
94,14,4,1,14-2,2026-02-14,2026-02-14T06:01:45.000000,2026-02-14T06:01:45.000000
95,15,3,1,15-2,2026-02-14,2026-02-14T18:45:51.000000,2026-02-14T18:45:51.000000
96,2,4,1,2-2,2026-02-16,2026-02-16T06:42:32.000000,2026-02-16T06:42:32.000000
97,3,3,1,3-2,2026-02-16,2026-02-16T07:39:04.000000,2026-02-16T07:39:04.000000
98,4,3,1,4-2,2026-02-16,2026-02-16T20:17:15.000000,2026-02-16T20:17:15.000000
99,9,3,1,9-2,2026-02-16,2026-02-16T06:02:30.000000,2026-02-16T06:02:30.000000
100,14,4,1,14-2,2026-02-16,2026-02-16T07:13:11.000000,2026-02-16T07:13:11.000000
101,15,3,1,15-2,2026-02-16,2026-02-16T19:50:23.000000,2026-02-16T19:50:23.000000
102,2,4,1,2-2,2026-02-17,2026-02-17T07:11:24.000000,2026-02-17T07:11:24.000000
103,10,1,1,10-3,2026-02-17,2026-02-17T14:12:12.000000,2026-02-17T14:12:12.000000
104,13,3,1,13-2,2026-02-17,2026-02-17T07:12:26.000000,2026-02-17T07:12:26.000000
105,15,3,1,15-2,2026-02-17,2026-02-17T19:06:20.000000,2026-02-17T19:06:20.000000
106,16,1,1,16-1,2026-02-17,2026-02-17T15:40:01.000000,2026-02-17T15:40:01.000000
107,2,4,1,2-2,2026-02-18,2026-02-18T06:18:04.000000,2026-02-18T06:18:04.000000
108,3,3,1,3-2,2026-02-18,2026-02-18T06:19:05.000000,2026-02-18T06:19:05.000000
109,4,3,1,4-2,2026-02-18,2026-02-18T15:32:01.000000,2026-02-18T15:32:01.000000
110,5,4,1,5-2,2026-02-18,2026-02-18T07:32:42.000000,2026-02-18T07:32:42.000000
111,9,3,1,9-2,2026-02-18,2026-02-18T07:07:04.000000,2026-02-18T07:07:04.000000
112,12,3,1,12-2,2026-02-18,2026-02-18T19:05:47.000000,2026-02-18T19:05:47.000000
113,14,4,1,14-2,2026-02-18,2026-02-18T06:32:09.000000,2026-02-18T06:32:09.000000
114,15,3,1,15-2,2026-02-18,2026-02-18T17:39:19.000000,2026-02-18T17:39:19.000000
115,16,1,1,16-2,2026-02-18,2026-02-18T19:17:39.000000,2026-02-18T19:17:39.000000
116,1,4,1,1-3,2026-02-19,2026-02-19T19:49:52.000000,2026-02-19T19:49:52.000000
117,3,3,1,3-2,2026-02-19,2026-02-19T06:32:07.000000,2026-02-19T06:32:07.000000
118,4,3,1,4-2,2026-02-19,2026-02-19T18:36:56.000000,2026-02-19T18:36:56.000000
119,8,3,1,8-2,2026-02-19,2026-02-19T20:43:09.000000,2026-02-19T20:43:09.000000
120,11,3,1,11-4,2026-02-19,2026-02-19T07:28:48.000000,2026-02-19T07:28:48.000000
121,12,3,1,12-2,2026-02-19,2026-02-19T20:01:57.000000,2026-02-19T20:01:57.000000
122,14,4,1,14-2,2026-02-19,2026-02-19T06:27:10.000000,2026-02-19T06:27:10.000000
123,15,3,1,15-2,2026-02-19,2026-02-19T19:18:22.000000,2026-02-19T19:18:22.000000
124,16,3,1,16-3,2026-02-19,2026-02-19T19:21:35.000000,2026-02-19T19:21:35.000000
125,2,4,1,2-2,2026-02-20,2026-02-20T06:15:13.000000,2026-02-20T06:15:13.000000
126,3,3,1,3-2,2026-02-20,2026-02-20T07:34:05.000000,2026-02-20T07:34:05.000000
127,5,4,1,5-2,2026-02-20,2026-02-20T06:50:37.000000,2026-02-20T06:50:37.000000
128,6,1,1,6-4,2026-02-20,2026-02-20T15:06:50.000000,2026-02-20T15:06:50.000000
129,7,2,1,7-4,2026-02-20,2026-02-20T10:35:56.000000,2026-02-20T10:35:56.000000
130,9,3,1,9-2,2026-02-20,2026-02-20T07:04:42.000000,2026-02-20T07:04:42.000000
131,11,3,1,11-4,2026-02-20,2026-02-20T08:54:06.000000,2026-02-20T08:54:06.000000
132,12,3,1,12-2,2026-02-20,2026-02-20T18:41:54.000000,2026-02-20T18:41:54.000000
133,13,3,1,13-2,2026-02-20,2026-02-20T06:04:55.000000,2026-02-20T06:04:55.000000
134,15,3,1,15-2,2026-02-20,2026-02-20T20:59:20.000000,2026-02-20T20:59:20.000000
135,17,1,1,17-1,2026-02-20,2026-02-20T19:10:40.000000,2026-02-20T19:10:40.000000
136,2,4,1,2-2,2026-02-21,2026-02-21T07:27:13.000000,2026-02-21T07:27:13.000000
137,4,3,1,4-2,2026-02-21,2026-02-21T18:53:50.000000,2026-02-21T18:53:50.000000
138,5,4,1,5-2,2026-02-21,2026-02-21T06:05:57.000000,2026-02-21T06:05:57.000000
139,7,2,1,7-4,2026-02-21,2026-02-21T08:15:39.000000,2026-02-21T08:15:39.000000
140,8,3,1,8-2,2026-02-21,2026-02-21T17:29:02.000000,2026-02-21T17:29:02.000000
141,9,3,1,9-2,2026-02-21,2026-02-21T07:07:15.000000,2026-02-21T07:07:15.000000
142,11,3,1,11-4,2026-02-21,2026-02-21T07:05:55.000000,2026-02-21T07:05:55.000000
143,15,3,1,15-2,2026-02-21,2026-02-21T18:59:48.000000,2026-02-21T18:59:48.000000
144,17,1,1,17-2,2026-02-21,2026-02-21T19:08:39.000000,2026-02-21T19:08:39.000000
145,18,1,1,18-1,2026-02-21,2026-02-21T10:19:04.000000,2026-02-21T10:19:04.000000
146,19,1,1,19-1,2026-02-21,2026-02-21T13:26:50.000000,2026-02-21T13:26:50.000000
147,1,4,1,1-3,2026-02-23,2026-02-23T18:30:50.000000,2026-02-23T18:30:50.000000
148,2,4,1,2-2,2026-02-23,2026-02-23T06:13:21.000000,2026-02-23T06:13:21.000000
149,3,3,1,3-2,2026-02-23,2026-02-23T06:12:44.000000,2026-02-23T06:12:44.000000
150,4,3,1,4-2,2026-02-23,2026-02-23T20:19:27.000000,2026-02-23T20:19:27.000000
151,5,4,1,5-2,2026-02-23,2026-02-23T06:03:39.000000,2026-02-23T06:03:39.000000
152,9,3,1,9-2,2026-02-23,2026-02-23T06:18:56.000000,2026-02-23T06:18:56.000000
153,10,1,1,10-4,2026-02-23,2026-02-23T18:24:17.000000,2026-02-23T18:24:17.000000
154,11,3,1,11-4,2026-02-23,2026-02-23T07:00:44.000000,2026-02-23T07:00:44.000000
155,12,3,1,12-2,2026-02-23,2026-02-23T17:58:09.000000,2026-02-23T17:58:09.000000
156,13,3,1,13-2,2026-02-23,2026-02-23T06:55:15.000000,2026-02-23T06:55:15.000000
157,15,3,1,15-2,2026-02-23,2026-02-23T20:14:09.000000,2026-02-23T20:14:09.000000
158,17,4,1,17-3,2026-02-23,2026-02-23T19:13:42.000000,2026-02-23T19:13:42.000000
159,19,2,1,19-2,2026-02-23,2026-02-23T12:25:10.000000,2026-02-23T12:25:10.000000
160,20,1,1,20-1,2026-02-23,2026-02-23T06:57:18.000000,2026-02-23T06:57:18.000000
161,1,4,1,1-3,2026-02-24,2026-02-24T19:48:54.000000,2026-02-24T19:48:54.000000
162,2,4,1,2-2,2026-02-24,2026-02-24T06:29:00.000000,2026-02-24T06:29:00.000000
163,7,2,1,7-4,2026-02-24,2026-02-24T08:20:42.000000,2026-02-24T08:20:42.000000
164,9,3,1,9-2,2026-02-24,2026-02-24T06:29:19.000000,2026-02-24T06:29:19.000000
165,13,3,1,13-2,2026-02-24,2026-02-24T06:23:31.000000,2026-02-24T06:23:31.000000
166,14,4,1,14-2,2026-02-24,2026-02-24T06:53:21.000000,2026-02-24T06:53:21.000000
167,15,3,1,15-2,2026-02-24,2026-02-24T18:12:38.000000,2026-02-24T18:12:38.000000
168,17,4,1,17-3,2026-02-24,2026-02-24T20:00:28.000000,2026-02-24T20:00:28.000000
169,19,2,1,19-2,2026-02-24,2026-02-24T13:27:18.000000,2026-02-24T13:27:18.000000
170,1,4,1,1-3,2026-02-25,2026-02-25T20:34:45.000000,2026-02-25T20:34:45.000000
171,3,3,1,3-2,2026-02-25,2026-02-25T07:46:38.000000,2026-02-25T07:46:38.000000
172,5,4,1,5-2,2026-02-25,2026-02-25T06:18:18.000000,2026-02-25T06:18:18.000000
173,7,1,1,7-5,2026-02-25,2026-02-25T08:21:17.000000,2026-02-25T08:21:17.000000
174,8,3,1,8-2,2026-02-25,2026-02-25T19:52:41.000000,2026-02-25T19:52:41.000000
175,9,3,1,9-2,2026-02-25,2026-02-25T06:52:29.000000,2026-02-25T06:52:29.000000
176,10,1,1,10-5,2026-02-25,2026-02-25T16:12:38.000000,2026-02-25T16:12:38.000000
177,11,3,1,11-4,2026-02-25,2026-02-25T10:37:17.000000,2026-02-25T10:37:17.000000
178,12,3,1,12-2,2026-02-25,2026-02-25T19:00:39.000000,2026-02-25T19:00:39.000000
179,13,3,1,13-2,2026-02-25,2026-02-25T06:24:48.000000,2026-02-25T06:24:48.000000
180,19,2,1,19-2,2026-02-25,2026-02-25T10:07:24.000000,2026-02-25T10:07:24.000000
181,20,4,1,20-2,2026-02-25,2026-02-25T07:22:38.000000,2026-02-25T07:22:38.000000
182,21,1,1,21-1,2026-02-25,2026-02-25T13:19:45.000000,2026-02-25T13:19:45.000000
183,3,3,1,3-2,2026-02-26,2026-02-26T07:41:45.000000,2026-02-26T07:41:45.000000
184,4,3,1,4-2,2026-02-26,2026-02-26T15:48:28.000000,2026-02-26T15:48:28.000000
185,8,3,1,8-2,2026-02-26,2026-02-26T18:21:26.000000,2026-02-26T18:21:26.000000
186,9,3,1,9-2,2026-02-26,2026-02-26T06:46:39.000000,2026-02-26T06:46:39.000000
187,10,1,1,10-6,2026-02-26,2026-02-26T17:27:53.000000,2026-02-26T17:27:53.000000
188,11,3,1,11-4,2026-02-26,2026-02-26T07:43:27.000000,2026-02-26T07:43:27.000000
189,13,3,1,13-2,2026-02-26,2026-02-26T06:57:01.000000,2026-02-26T06:57:01.000000
190,15,3,1,15-2,2026-02-26,2026-02-26T19:09:17.000000,2026-02-26T19:09:17.000000
191,16,3,1,16-3,2026-02-26,2026-02-26T16:45:00.000000,2026-02-26T16:45:00.000000
192,17,4,1,17-3,2026-02-26,2026-02-26T17:47:53.000000,2026-02-26T17:47:53.000000
193,18,1,1,18-2,2026-02-26,2026-02-26T06:21:26.000000,2026-02-26T06:21:26.000000
194,20,4,1,20-2,2026-02-26,2026-02-26T06:35:02.000000,2026-02-26T06:35:02.000000
195,2,4,1,2-2,2026-02-27,2026-02-27T07:06:48.000000,2026-02-27T07:06:48.000000
196,3,3,1,3-2,2026-02-27,2026-02-27T06:24:06.000000,2026-02-27T06:24:06.000000
197,4,3,1,4-2,2026-02-27,2026-02-27T17:01:02.000000,2026-02-27T17:01:02.000000
198,5,4,1,5-2,2026-02-27,2026-02-27T06:26:27.000000,2026-02-27T06:26:27.000000
199,7,2,1,7-5,2026-02-27,2026-02-27T08:00:25.000000,2026-02-27T08:00:25.000000
200,9,3,1,9-2,2026-02-27,2026-02-27T07:48:07.000000,2026-02-27T07:48:07.000000
201,12,3,1,12-2,2026-02-27,2026-02-27T18:31:17.000000,2026-02-27T18:31:17.000000
202,13,3,1,13-2,2026-02-27,2026-02-27T06:38:36.000000,2026-02-27T06:38:36.000000
203,14,4,1,14-2,2026-02-27,2026-02-27T06:33:06.000000,2026-02-27T06:33:06.000000
204,15,3,1,15-2,2026-02-27,2026-02-27T18:28:11.000000,2026-02-27T18:28:11.000000
205,18,1,1,18-3,2026-02-27,2026-02-27T10:16:28.000000,2026-02-27T10:16:28.000000
206,20,4,1,20-2,2026-02-27,2026-02-27T06:06:11.000000,2026-02-27T06:06:11.000000
207,21,2,1,21-2,2026-02-27,2026-02-27T14:03:48.000000,2026-02-27T14:03:48.000000
208,1,4,1,1-3,2026-02-28,2026-02-28T20:27:26.000000,2026-02-28T20:27:26.000000
209,2,4,1,2-2,2026-02-28,2026-02-28T06:19:24.000000,2026-02-28T06:19:24.000000
210,3,3,1,3-2,2026-02-28,2026-02-28T08:07:55.000000,2026-02-28T08:07:55.000000
211,4,3,1,4-2,2026-02-28,2026-02-28T19:37:06.000000,2026-02-28T19:37:06.000000
212,5,4,1,5-2,2026-02-28,2026-02-28T07:25:55.000000,2026-02-28T07:25:55.000000
213,9,3,1,9-2,2026-02-28,2026-02-28T07:11:22.000000,2026-02-28T07:11:22.000000
214,11,3,1,11-4,2026-02-28,2026-02-28T12:43:38.000000,2026-02-28T12:43:38.000000
215,13,3,1,13-2,2026-02-28,2026-02-28T06:45:15.000000,2026-02-28T06:45:15.000000
216,14,4,1,14-2,2026-02-28,2026-02-28T06:26:29.000000,2026-02-28T06:26:29.000000
217,15,3,1,15-2,2026-02-28,2026-02-28T19:48:28.000000,2026-02-28T19:48:28.000000
218,16,3,1,16-3,2026-02-28,2026-02-28T18:53:06.000000,2026-02-28T18:53:06.000000
219,18,1,1,18-4,2026-02-28,2026-02-28T08:57:19.000000,2026-02-28T08:57:19.000000
220,19,2,1,19-2,2026-02-28,2026-02-28T13:14:27.000000,2026-02-28T13:14:27.000000
221,20,4,1,20-2,2026-02-28,2026-02-28T07:07:24.000000,2026-02-28T07:07:24.000000
222,21,2,1,21-2,2026-02-28,2026-02-28T14:23:08.000000,2026-02-28T14:23:08.000000
223,22,1,1,22-1,2026-02-28,2026-02-28T19:55:13.000000,2026-02-28T19:55:13.000000
224,1,4,1,1-3,2026-03-02,2026-03-02T19:13:33.000000,2026-03-02T19:13:33.000000
225,2,4,1,2-2,2026-03-02,2026-03-02T06:27:33.000000,2026-03-02T06:27:33.000000
226,3,3,1,3-2,2026-03-02,2026-03-02T06:34:21.000000,2026-03-02T06:34:21.000000
227,7,2,1,7-5,2026-03-02,2026-03-02T10:12:55.000000,2026-03-02T10:12:55.000000
228,8,3,1,8-2,2026-03-02,2026-03-02T17:50:48.000000,2026-03-02T17:50:48.000000
229,9,3,1,9-2,2026-03-02,2026-03-02T06:55:20.000000,2026-03-02T06:55:20.000000
230,11,3,1,11-4,2026-03-02,2026-03-02T06:46:00.000000,2026-03-02T06:46:00.000000
231,12,3,1,12-2,2026-03-02,2026-03-02T17:32:58.000000,2026-03-02T17:32:58.000000
232,13,3,1,13-2,2026-03-02,2026-03-02T07:34:30.000000,2026-03-02T07:34:30.000000
233,14,4,1,14-2,2026-03-02,2026-03-02T06:01:56.000000,2026-03-02T06:01:56.000000
234,15,3,1,15-2,2026-03-02,2026-03-02T18:20:11.000000,2026-03-02T18:20:11.000000
235,17,4,1,17-3,2026-03-02,2026-03-02T19:33:18.000000,2026-03-02T19:33:18.000000
236,19,2,1,19-2,2026-03-02,2026-03-02T14:01:27.000000,2026-03-02T14:01:27.000000
237,20,4,1,20-2,2026-03-02,2026-03-02T06:39:44.000000,2026-03-02T06:39:44.000000
238,21,2,1,21-2,2026-03-02,2026-03-02T14:55:21.000000,2026-03-02T14:55:21.000000
239,22,3,1,22-2,2026-03-02,2026-03-02T19:35:24.000000,2026-03-02T19:35:24.000000
240,1,4,1,1-3,2026-03-03,2026-03-03T20:15:25.000000,2026-03-03T20:15:25.000000
241,2,4,1,2-2,2026-03-03,2026-03-03T07:00:34.000000,2026-03-03T07:00:34.000000
242,4,3,1,4-2,2026-03-03,2026-03-03T20:51:08.000000,2026-03-03T20:51:08.000000
243,7,2,1,7-5,2026-03-03,2026-03-03T08:57:10.000000,2026-03-03T08:57:10.000000
244,11,3,1,11-4,2026-03-03,2026-03-03T07:51:39.000000,2026-03-03T07:51:39.000000
245,12,3,1,12-2,2026-03-03,2026-03-03T17:46:48.000000,2026-03-03T17:46:48.000000
246,13,3,1,13-2,2026-03-03,2026-03-03T06:20:37.000000,2026-03-03T06:20:37.000000
247,15,3,1,15-2,2026-03-03,2026-03-03T19:05:18.000000,2026-03-03T19:05:18.000000
248,17,4,1,17-3,2026-03-03,2026-03-03T20:34:46.000000,2026-03-03T20:34:46.000000
249,19,2,1,19-3,2026-03-03,2026-03-03T13:07:49.000000,2026-03-03T13:07:49.000000
250,20,4,1,20-2,2026-03-03,2026-03-03T07:26:49.000000,2026-03-03T07:26:49.000000
251,21,2,1,21-2,2026-03-03,2026-03-03T13:40:13.000000,2026-03-03T13:40:13.000000
252,22,3,1,22-2,2026-03-03,2026-03-03T17:57:53.000000,2026-03-03T17:57:53.000000
253,23,1,1,23-1,2026-03-03,2026-03-03T11:29:50.000000,2026-03-03T11:29:50.000000
254,1,4,1,1-3,2026-03-04,2026-03-04T19:46:34.000000,2026-03-04T19:46:34.000000
255,2,4,1,2-2,2026-03-04,2026-03-04T06:30:39.000000,2026-03-04T06:30:39.000000
256,3,4,1,3-3,2026-03-04,2026-03-04T07:42:23.000000,2026-03-04T07:42:23.000000
257,5,4,1,5-2,2026-03-04,2026-03-04T07:13:31.000000,2026-03-04T07:13:31.000000
258,8,3,1,8-2,2026-03-04,2026-03-04T18:42:07.000000,2026-03-04T18:42:07.000000
259,9,3,1,9-3,2026-03-04,2026-03-04T06:45:40.000000,2026-03-04T06:45:40.000000
260,10,1,1,10-7,2026-03-04,2026-03-04T12:12:36.000000,2026-03-04T12:12:36.000000
261,12,1,1,12-3,2026-03-04,2026-03-04T18:49:15.000000,2026-03-04T18:49:15.000000
262,13,3,1,13-2,2026-03-04,2026-03-04T06:04:50.000000,2026-03-04T06:04:50.000000
263,14,4,1,14-2,2026-03-04,2026-03-04T07:53:16.000000,2026-03-04T07:53:16.000000
264,16,3,1,16-3,2026-03-04,2026-03-04T20:39:19.000000,2026-03-04T20:39:19.000000
265,17,4,1,17-3,2026-03-04,2026-03-04T20:53:45.000000,2026-03-04T20:53:45.000000
266,18,1,1,18-5,2026-03-04,2026-03-04T07:49:30.000000,2026-03-04T07:49:30.000000
267,20,4,1,20-2,2026-03-04,2026-03-04T06:23:24.000000,2026-03-04T06:23:24.000000
268,21,2,1,21-2,2026-03-04,2026-03-04T14:37:58.000000,2026-03-04T14:37:58.000000
269,22,3,1,22-2,2026-03-04,2026-03-04T20:23:34.000000,2026-03-04T20:23:34.000000
270,24,1,1,24-1,2026-03-04,2026-03-04T08:55:48.000000,2026-03-04T08:55:48.000000
271,1,4,1,1-3,2026-03-05,2026-03-05T18:10:22.000000,2026-03-05T18:10:22.000000
272,2,4,1,2-2,2026-03-05,2026-03-05T06:49:08.000000,2026-03-05T06:49:08.000000
273,3,4,1,3-3,2026-03-05,2026-03-05T07:18:46.000000,2026-03-05T07:18:46.000000
274,4,3,1,4-2,2026-03-05,2026-03-05T20:16:53.000000,2026-03-05T20:16:53.000000
275,8,1,1,8-3,2026-03-05,2026-03-05T19:25:00.000000,2026-03-05T19:25:00.000000
276,9,3,1,9-3,2026-03-05,2026-03-05T06:50:52.000000,2026-03-05T06:50:52.000000
277,10,1,1,10-8,2026-03-05,2026-03-05T13:22:53.000000,2026-03-05T13:22:53.000000
278,11,3,1,11-4,2026-03-05,2026-03-05T07:32:18.000000,2026-03-05T07:32:18.000000
279,12,3,1,12-4,2026-03-05,2026-03-05T20:50:27.000000,2026-03-05T20:50:27.000000
280,13,3,1,13-2,2026-03-05,2026-03-05T06:57:42.000000,2026-03-05T06:57:42.000000
281,15,3,1,15-2,2026-03-05,2026-03-05T19:36:38.000000,2026-03-05T19:36:38.000000
282,16,3,1,16-3,2026-03-05,2026-03-05T18:05:00.000000,2026-03-05T18:05:00.000000
283,19,2,1,19-3,2026-03-05,2026-03-05T16:53:28.000000,2026-03-05T16:53:28.000000
284,21,2,1,21-3,2026-03-05,2026-03-05T11:17:07.000000,2026-03-05T11:17:07.000000
285,1,4,1,1-3,2026-03-06,2026-03-06T19:14:21.000000,2026-03-06T19:14:21.000000
286,3,4,1,3-3,2026-03-06,2026-03-06T06:04:57.000000,2026-03-06T06:04:57.000000
287,4,3,1,4-3,2026-03-06,2026-03-06T16:40:42.000000,2026-03-06T16:40:42.000000
288,5,4,1,5-2,2026-03-06,2026-03-06T06:54:58.000000,2026-03-06T06:54:58.000000
289,8,1,1,8-4,2026-03-06,2026-03-06T19:30:09.000000,2026-03-06T19:30:09.000000
290,9,3,1,9-3,2026-03-06,2026-03-06T06:40:01.000000,2026-03-06T06:40:01.000000
291,11,3,1,11-4,2026-03-06,2026-03-06T10:57:00.000000,2026-03-06T10:57:00.000000
292,12,3,1,12-4,2026-03-06,2026-03-06T19:29:20.000000,2026-03-06T19:29:20.000000
293,13,3,1,13-2,2026-03-06,2026-03-06T06:30:03.000000,2026-03-06T06:30:03.000000
294,14,4,1,14-2,2026-03-06,2026-03-06T07:15:58.000000,2026-03-06T07:15:58.000000
295,16,3,1,16-3,2026-03-06,2026-03-06T18:41:29.000000,2026-03-06T18:41:29.000000
296,18,1,1,18-6,2026-03-06,2026-03-06T07:38:58.000000,2026-03-06T07:38:58.000000
297,20,4,1,20-2,2026-03-06,2026-03-06T06:53:18.000000,2026-03-06T06:53:18.000000
298,1,4,1,1-3,2026-03-07,2026-03-07T18:40:09.000000,2026-03-07T18:40:09.000000
299,2,4,1,2-2,2026-03-07,2026-03-07T06:22:54.000000,2026-03-07T06:22:54.000000
300,5,4,1,5-2,2026-03-07,2026-03-07T06:09:39.000000,2026-03-07T06:09:39.000000
301,10,1,1,10-9,2026-03-07,2026-03-07T12:50:03.000000,2026-03-07T12:50:03.000000
302,11,2,1,11-5,2026-03-07,2026-03-07T08:09:25.000000,2026-03-07T08:09:25.000000
303,12,3,1,12-4,2026-03-07,2026-03-07T20:03:10.000000,2026-03-07T20:03:10.000000
304,13,3,1,13-2,2026-03-07,2026-03-07T07:37:12.000000,2026-03-07T07:37:12.000000
305,14,4,1,14-2,2026-03-07,2026-03-07T06:48:26.000000,2026-03-07T06:48:26.000000
306,18,1,1,18-7,2026-03-07,2026-03-07T09:28:08.000000,2026-03-07T09:28:08.000000
307,20,4,1,20-2,2026-03-07,2026-03-07T06:22:06.000000,2026-03-07T06:22:06.000000
308,21,2,1,21-3,2026-03-07,2026-03-07T11:50:28.000000,2026-03-07T11:50:28.000000
309,24,1,1,24-2,2026-03-07,2026-03-07T19:43:26.000000,2026-03-07T19:43:26.000000
310,3,4,1,3-3,2026-03-09,2026-03-09T06:19:11.000000,2026-03-09T06:19:11.000000
311,4,3,1,4-3,2026-03-09,2026-03-09T18:39:36.000000,2026-03-09T18:39:36.000000
312,5,4,1,5-2,2026-03-09,2026-03-09T07:33:10.000000,2026-03-09T07:33:10.000000
313,8,1,1,8-5,2026-03-09,2026-03-09T18:08:24.000000,2026-03-09T18:08:24.000000
314,10,1,1,10-10,2026-03-09,2026-03-09T19:21:21.000000,2026-03-09T19:21:21.000000
315,12,3,1,12-4,2026-03-09,2026-03-09T19:35:58.000000,2026-03-09T19:35:58.000000
316,13,3,1,13-2,2026-03-09,2026-03-09T06:18:50.000000,2026-03-09T06:18:50.000000
317,14,4,1,14-2,2026-03-09,2026-03-09T06:38:15.000000,2026-03-09T06:38:15.000000
318,15,3,1,15-2,2026-03-09,2026-03-09T18:03:06.000000,2026-03-09T18:03:06.000000
319,21,2,1,21-3,2026-03-09,2026-03-09T13:06:12.000000,2026-03-09T13:06:12.000000
320,22,3,1,22-2,2026-03-09,2026-03-09T19:39:28.000000,2026-03-09T19:39:28.000000
321,23,1,1,23-2,2026-03-09,2026-03-09T19:32:55.000000,2026-03-09T19:32:55.000000
322,1,4,1,1-3,2026-03-10,2026-03-10T20:01:33.000000,2026-03-10T20:01:33.000000
323,2,4,1,2-2,2026-03-10,2026-03-10T06:47:31.000000,2026-03-10T06:47:31.000000
324,9,3,1,9-3,2026-03-10,2026-03-10T06:46:44.000000,2026-03-10T06:46:44.000000
325,12,3,1,12-4,2026-03-10,2026-03-10T19:55:05.000000,2026-03-10T19:55:05.000000
326,14,4,1,14-2,2026-03-10,2026-03-10T06:33:44.000000,2026-03-10T06:33:44.000000
327,15,3,1,15-2,2026-03-10,2026-03-10T20:28:39.000000,2026-03-10T20:28:39.000000
328,17,4,1,17-3,2026-03-10,2026-03-10T18:02:50.000000,2026-03-10T18:02:50.000000
329,18,1,1,18-8,2026-03-10,2026-03-10T09:19:45.000000,2026-03-10T09:19:45.000000
330,23,1,1,23-3,2026-03-10,2026-03-10T16:12:56.000000,2026-03-10T16:12:56.000000
331,1,4,1,1-3,2026-03-11,2026-03-11T18:45:00.000000,2026-03-11T18:45:00.000000
332,2,4,1,2-2,2026-03-11,2026-03-11T06:21:16.000000,2026-03-11T06:21:16.000000
333,3,4,1,3-3,2026-03-11,2026-03-11T06:54:15.000000,2026-03-11T06:54:15.000000
334,5,4,1,5-2,2026-03-11,2026-03-11T06:17:14.000000,2026-03-11T06:17:14.000000
335,7,2,1,7-5,2026-03-11,2026-03-11T09:03:24.000000,2026-03-11T09:03:24.000000
336,8,2,1,8-6,2026-03-11,2026-03-11T18:38:31.000000,2026-03-11T18:38:31.000000
337,9,3,1,9-3,2026-03-11,2026-03-11T06:01:56.000000,2026-03-11T06:01:56.000000
338,10,1,1,10-11,2026-03-11,2026-03-11T16:13:22.000000,2026-03-11T16:13:22.000000
339,12,3,1,12-4,2026-03-11,2026-03-11T17:55:28.000000,2026-03-11T17:55:28.000000
340,13,3,1,13-2,2026-03-11,2026-03-11T06:39:12.000000,2026-03-11T06:39:12.000000
341,14,4,1,14-2,2026-03-11,2026-03-11T06:07:00.000000,2026-03-11T06:07:00.000000
342,15,3,1,15-2,2026-03-11,2026-03-11T20:24:30.000000,2026-03-11T20:24:30.000000
343,16,3,1,16-3,2026-03-11,2026-03-11T17:02:33.000000,2026-03-11T17:02:33.000000
344,17,4,1,17-3,2026-03-11,2026-03-11T18:48:02.000000,2026-03-11T18:48:02.000000
345,20,4,1,20-2,2026-03-11,2026-03-11T06:54:07.000000,2026-03-11T06:54:07.000000
346,22,3,1,22-2,2026-03-11,2026-03-11T18:24:34.000000,2026-03-11T18:24:34.000000
347,1,4,1,1-3,2026-03-12,2026-03-12T19:23:08.000000,2026-03-12T19:23:08.000000
348,3,4,1,3-3,2026-03-12,2026-03-12T07:15:13.000000,2026-03-12T07:15:13.000000
349,5,4,1,5-2,2026-03-12,2026-03-12T06:33:48.000000,2026-03-12T06:33:48.000000
350,8,2,1,8-6,2026-03-12,2026-03-12T19:45:32.000000,2026-03-12T19:45:32.000000
351,9,3,1,9-3,2026-03-12,2026-03-12T06:08:47.000000,2026-03-12T06:08:47.000000
352,11,2,1,11-5,2026-03-12,2026-03-12T06:10:15.000000,2026-03-12T06:10:15.000000
353,12,3,1,12-4,2026-03-12,2026-03-12T20:12:31.000000,2026-03-12T20:12:31.000000
354,13,4,1,13-3,2026-03-12,2026-03-12T06:52:27.000000,2026-03-12T06:52:27.000000
355,18,1,1,18-9,2026-03-12,2026-03-12T08:02:37.000000,2026-03-12T08:02:37.000000
356,20,4,1,20-2,2026-03-12,2026-03-12T06:34:54.000000,2026-03-12T06:34:54.000000
357,21,2,1,21-3,2026-03-12,2026-03-12T14:52:35.000000,2026-03-12T14:52:35.000000
358,22,3,1,22-2,2026-03-12,2026-03-12T18:03:52.000000,2026-03-12T18:03:52.000000
359,2,4,1,2-2,2026-03-13,2026-03-13T06:16:02.000000,2026-03-13T06:16:02.000000
360,3,4,1,3-3,2026-03-13,2026-03-13T06:39:03.000000,2026-03-13T06:39:03.000000
361,4,3,1,4-3,2026-03-13,2026-03-13T16:50:35.000000,2026-03-13T16:50:35.000000
362,5,4,1,5-2,2026-03-13,2026-03-13T07:15:35.000000,2026-03-13T07:15:35.000000
363,9,3,1,9-3,2026-03-13,2026-03-13T06:32:23.000000,2026-03-13T06:32:23.000000
364,13,4,1,13-3,2026-03-13,2026-03-13T06:46:40.000000,2026-03-13T06:46:40.000000
365,14,4,1,14-2,2026-03-13,2026-03-13T06:19:32.000000,2026-03-13T06:19:32.000000
366,18,2,1,18-10,2026-03-13,2026-03-13T08:49:00.000000,2026-03-13T08:49:00.000000
367,21,2,1,21-3,2026-03-13,2026-03-13T11:39:54.000000,2026-03-13T11:39:54.000000
368,23,1,1,23-4,2026-03-13,2026-03-13T17:38:55.000000,2026-03-13T17:38:55.000000
369,24,1,1,24-3,2026-03-13,2026-03-13T07:36:38.000000,2026-03-13T07:36:38.000000
370,1,4,1,1-3,2026-03-14,2026-03-14T17:21:50.000000,2026-03-14T17:21:50.000000
371,2,4,1,2-2,2026-03-14,2026-03-14T07:10:17.000000,2026-03-14T07:10:17.000000
372,5,4,1,5-2,2026-03-14,2026-03-14T07:40:49.000000,2026-03-14T07:40:49.000000
373,7,2,1,7-6,2026-03-14,2026-03-14T08:14:54.000000,2026-03-14T08:14:54.000000
374,9,3,1,9-3,2026-03-14,2026-03-14T06:22:31.000000,2026-03-14T06:22:31.000000
375,10,1,1,10-12,2026-03-14,2026-03-14T10:13:41.000000,2026-03-14T10:13:41.000000
376,11,2,1,11-5,2026-03-14,2026-03-14T08:06:08.000000,2026-03-14T08:06:08.000000
377,12,3,1,12-4,2026-03-14,2026-03-14T17:48:38.000000,2026-03-14T17:48:38.000000
378,13,4,1,13-3,2026-03-14,2026-03-14T07:52:13.000000,2026-03-14T07:52:13.000000
379,14,4,1,14-2,2026-03-14,2026-03-14T07:00:47.000000,2026-03-14T07:00:47.000000
380,17,4,1,17-3,2026-03-14,2026-03-14T18:43:23.000000,2026-03-14T18:43:23.000000
381,19,2,1,19-3,2026-03-14,2026-03-14T11:33:41.000000,2026-03-14T11:33:41.000000
382,20,4,1,20-2,2026-03-14,2026-03-14T06:20:10.000000,2026-03-14T06:20:10.000000
383,21,1,1,21-4,2026-03-14,2026-03-14T16:36:14.000000,2026-03-14T16:36:14.000000
384,25,1,1,25-1,2026-03-14,2026-03-14T06:28:30.000000,2026-03-14T06:28:30.000000
385,5,4,1,5-2,2026-03-16,2026-03-16T06:47:14.000000,2026-03-16T06:47:14.000000
386,11,2,1,11-5,2026-03-16,2026-03-16T11:42:43.000000,2026-03-16T11:42:43.000000
387,12,3,1,12-4,2026-03-16,2026-03-16T18:50:35.000000,2026-03-16T18:50:35.000000
388,13,4,1,13-3,2026-03-16,2026-03-16T06:24:09.000000,2026-03-16T06:24:09.000000
389,15,2,1,15-3,2026-03-16,2026-03-16T18:13:23.000000,2026-03-16T18:13:23.000000
390,18,2,1,18-10,2026-03-16,2026-03-16T06:19:53.000000,2026-03-16T06:19:53.000000
391,1,4,1,1-3,2026-03-17,2026-03-17T17:16:25.000000,2026-03-17T17:16:25.000000
392,2,4,1,2-2,2026-03-17,2026-03-17T06:47:16.000000,2026-03-17T06:47:16.000000
393,7,2,1,7-6,2026-03-17,2026-03-17T08:20:32.000000,2026-03-17T08:20:32.000000
394,9,3,1,9-3,2026-03-17,2026-03-17T06:00:06.000000,2026-03-17T06:00:06.000000
395,12,3,1,12-4,2026-03-17,2026-03-17T19:07:47.000000,2026-03-17T19:07:47.000000
396,14,4,1,14-2,2026-03-17,2026-03-17T06:53:11.000000,2026-03-17T06:53:11.000000
397,15,2,1,15-3,2026-03-17,2026-03-17T20:30:42.000000,2026-03-17T20:30:42.000000
398,18,2,1,18-10,2026-03-17,2026-03-17T07:56:00.000000,2026-03-17T07:56:00.000000
399,19,2,1,19-3,2026-03-17,2026-03-17T12:22:46.000000,2026-03-17T12:22:46.000000
400,21,2,1,21-4,2026-03-17,2026-03-17T15:12:34.000000,2026-03-17T15:12:34.000000
401,25,3,1,25-2,2026-03-17,2026-03-17T06:05:07.000000,2026-03-17T06:05:07.000000
402,3,4,1,3-3,2026-03-18,2026-03-18T07:12:45.000000,2026-03-18T07:12:45.000000
403,4,3,1,4-3,2026-03-18,2026-03-18T18:04:09.000000,2026-03-18T18:04:09.000000
404,8,2,1,8-6,2026-03-18,2026-03-18T19:18:16.000000,2026-03-18T19:18:16.000000
405,9,3,1,9-3,2026-03-18,2026-03-18T08:15:37.000000,2026-03-18T08:15:37.000000
406,11,2,1,11-5,2026-03-18,2026-03-18T11:26:34.000000,2026-03-18T11:26:34.000000
407,13,4,1,13-3,2026-03-18,2026-03-18T07:19:55.000000,2026-03-18T07:19:55.000000
408,16,3,1,16-3,2026-03-18,2026-03-18T19:05:14.000000,2026-03-18T19:05:14.000000
409,17,4,1,17-3,2026-03-18,2026-03-18T18:55:34.000000,2026-03-18T18:55:34.000000
410,20,4,1,20-2,2026-03-18,2026-03-18T06:47:38.000000,2026-03-18T06:47:38.000000
411,21,2,1,21-4,2026-03-18,2026-03-18T13:24:46.000000,2026-03-18T13:24:46.000000
412,25,3,1,25-2,2026-03-18,2026-03-18T06:51:13.000000,2026-03-18T06:51:13.000000
413,1,4,1,1-3,2026-03-19,2026-03-19T19:22:40.000000,2026-03-19T19:22:40.000000
414,2,4,1,2-2,2026-03-19,2026-03-19T07:29:58.000000,2026-03-19T07:29:58.000000
415,3,4,1,3-3,2026-03-19,2026-03-19T07:26:08.000000,2026-03-19T07:26:08.000000
416,4,3,1,4-3,2026-03-19,2026-03-19T15:31:35.000000,2026-03-19T15:31:35.000000
417,5,4,1,5-2,2026-03-19,2026-03-19T07:22:15.000000,2026-03-19T07:22:15.000000
418,7,2,1,7-6,2026-03-19,2026-03-19T06:34:21.000000,2026-03-19T06:34:21.000000
419,8,2,1,8-6,2026-03-19,2026-03-19T18:58:37.000000,2026-03-19T18:58:37.000000
420,9,3,1,9-3,2026-03-19,2026-03-19T06:16:32.000000,2026-03-19T06:16:32.000000
421,14,4,1,14-2,2026-03-19,2026-03-19T07:39:36.000000,2026-03-19T07:39:36.000000
422,15,2,1,15-3,2026-03-19,2026-03-19T19:41:11.000000,2026-03-19T19:41:11.000000
423,16,3,1,16-3,2026-03-19,2026-03-19T20:02:47.000000,2026-03-19T20:02:47.000000
424,17,4,1,17-3,2026-03-19,2026-03-19T19:20:09.000000,2026-03-19T19:20:09.000000
425,20,4,1,20-2,2026-03-19,2026-03-19T06:01:37.000000,2026-03-19T06:01:37.000000
426,21,2,1,21-4,2026-03-19,2026-03-19T12:48:00.000000,2026-03-19T12:48:00.000000
427,22,3,1,22-2,2026-03-19,2026-03-19T16:49:15.000000,2026-03-19T16:49:15.000000
428,1,4,1,1-3,2026-03-20,2026-03-20T19:43:00.000000,2026-03-20T19:43:00.000000
429,2,4,1,2-2,2026-03-20,2026-03-20T06:54:24.000000,2026-03-20T06:54:24.000000
430,3,4,1,3-3,2026-03-20,2026-03-20T08:01:31.000000,2026-03-20T08:01:31.000000
431,4,3,1,4-3,2026-03-20,2026-03-20T18:15:46.000000,2026-03-20T18:15:46.000000
432,7,2,1,7-6,2026-03-20,2026-03-20T12:25:13.000000,2026-03-20T12:25:13.000000
433,10,1,1,10-13,2026-03-20,2026-03-20T17:04:42.000000,2026-03-20T17:04:42.000000
434,11,1,1,11-6,2026-03-20,2026-03-20T06:11:21.000000,2026-03-20T06:11:21.000000
435,12,3,1,12-4,2026-03-20,2026-03-20T19:55:24.000000,2026-03-20T19:55:24.000000
436,14,4,1,14-2,2026-03-20,2026-03-20T06:26:40.000000,2026-03-20T06:26:40.000000
437,15,2,1,15-3,2026-03-20,2026-03-20T18:46:52.000000,2026-03-20T18:46:52.000000
438,18,2,1,18-10,2026-03-20,2026-03-20T07:15:34.000000,2026-03-20T07:15:34.000000
439,19,2,1,19-3,2026-03-20,2026-03-20T09:31:54.000000,2026-03-20T09:31:54.000000
440,20,4,1,20-2,2026-03-20,2026-03-20T06:52:23.000000,2026-03-20T06:52:23.000000
441,21,2,1,21-4,2026-03-20,2026-03-20T11:26:37.000000,2026-03-20T11:26:37.000000
442,22,3,1,22-2,2026-03-20,2026-03-20T20:44:03.000000,2026-03-20T20:44:03.000000
443,1,4,1,1-3,2026-03-21,2026-03-21T20:17:58.000000,2026-03-21T20:17:58.000000
444,2,4,1,2-2,2026-03-21,2026-03-21T06:02:14.000000,2026-03-21T06:02:14.000000
445,3,4,1,3-3,2026-03-21,2026-03-21T07:02:53.000000,2026-03-21T07:02:53.000000
446,5,4,1,5-2,2026-03-21,2026-03-21T06:26:24.000000,2026-03-21T06:26:24.000000
447,7,2,1,7-6,2026-03-21,2026-03-21T09:39:38.000000,2026-03-21T09:39:38.000000
448,11,2,1,11-6,2026-03-21,2026-03-21T08:05:00.000000,2026-03-21T08:05:00.000000
449,12,3,1,12-4,2026-03-21,2026-03-21T20:38:32.000000,2026-03-21T20:38:32.000000
450,14,4,1,14-2,2026-03-21,2026-03-21T06:10:16.000000,2026-03-21T06:10:16.000000
451,16,4,1,16-4,2026-03-21,2026-03-21T19:23:14.000000,2026-03-21T19:23:14.000000
452,19,3,1,19-4,2026-03-21,2026-03-21T13:29:04.000000,2026-03-21T13:29:04.000000
453,21,3,1,21-5,2026-03-21,2026-03-21T14:12:45.000000,2026-03-21T14:12:45.000000
454,23,1,1,23-5,2026-03-21,2026-03-21T12:22:16.000000,2026-03-21T12:22:16.000000
455,24,2,1,24-4,2026-03-21,2026-03-21T11:11:53.000000,2026-03-21T11:11:53.000000
456,26,1,1,26-1,2026-03-22,2026-03-22T19:22:08.000000,2026-03-22T19:22:08.000000
457,27,1,1,27-1,2026-03-22,2026-03-22T07:38:23.000000,2026-03-22T07:38:23.000000
458,2,4,1,2-2,2026-03-23,2026-03-23T06:02:11.000000,2026-03-23T06:02:11.000000
459,3,4,1,3-3,2026-03-23,2026-03-23T06:25:26.000000,2026-03-23T06:25:26.000000
460,4,3,1,4-3,2026-03-23,2026-03-23T20:44:19.000000,2026-03-23T20:44:19.000000
461,9,3,1,9-3,2026-03-23,2026-03-23T06:30:14.000000,2026-03-23T06:30:14.000000
462,13,4,1,13-3,2026-03-23,2026-03-23T06:03:09.000000,2026-03-23T06:03:09.000000
463,14,4,1,14-2,2026-03-23,2026-03-23T06:39:51.000000,2026-03-23T06:39:51.000000
464,16,4,1,16-4,2026-03-23,2026-03-23T19:39:07.000000,2026-03-23T19:39:07.000000
465,17,4,1,17-3,2026-03-23,2026-03-23T19:56:47.000000,2026-03-23T19:56:47.000000
466,19,3,1,19-4,2026-03-23,2026-03-23T11:18:11.000000,2026-03-23T11:18:11.000000
467,25,3,1,25-2,2026-03-23,2026-03-23T06:39:29.000000,2026-03-23T06:39:29.000000
468,27,4,1,27-2,2026-03-23,2026-03-23T06:18:58.000000,2026-03-23T06:18:58.000000
469,28,1,1,28-1,2026-03-23,2026-03-23T06:56:55.000000,2026-03-23T06:56:55.000000
470,1,4,1,1-3,2026-03-24,2026-03-24T20:48:31.000000,2026-03-24T20:48:31.000000
471,2,4,1,2-2,2026-03-24,2026-03-24T06:27:10.000000,2026-03-24T06:27:10.000000
472,3,4,1,3-3,2026-03-24,2026-03-24T06:40:27.000000,2026-03-24T06:40:27.000000
473,5,4,1,5-2,2026-03-24,2026-03-24T07:05:32.000000,2026-03-24T07:05:32.000000
474,9,3,1,9-3,2026-03-24,2026-03-24T06:42:44.000000,2026-03-24T06:42:44.000000
475,11,2,1,11-6,2026-03-24,2026-03-24T09:27:42.000000,2026-03-24T09:27:42.000000
476,12,3,1,12-4,2026-03-24,2026-03-24T18:59:39.000000,2026-03-24T18:59:39.000000
477,19,3,1,19-4,2026-03-24,2026-03-24T13:43:26.000000,2026-03-24T13:43:26.000000
478,20,4,1,20-2,2026-03-24,2026-03-24T06:47:13.000000,2026-03-24T06:47:13.000000
479,21,3,1,21-5,2026-03-24,2026-03-24T13:17:58.000000,2026-03-24T13:17:58.000000
480,25,3,1,25-2,2026-03-24,2026-03-24T07:03:17.000000,2026-03-24T07:03:17.000000
481,26,3,1,26-2,2026-03-24,2026-03-24T18:21:45.000000,2026-03-24T18:21:45.000000
482,27,4,1,27-2,2026-03-24,2026-03-24T06:39:46.000000,2026-03-24T06:39:46.000000
483,28,4,1,28-2,2026-03-24,2026-03-24T06:51:40.000000,2026-03-24T06:51:40.000000
484,29,1,1,29-1,2026-03-24,2026-03-24T19:02:45.000000,2026-03-24T19:02:45.000000
485,2,4,1,2-2,2026-03-25,2026-03-25T06:40:56.000000,2026-03-25T06:40:56.000000
486,5,4,1,5-2,2026-03-25,2026-03-25T07:03:48.000000,2026-03-25T07:03:48.000000
487,9,3,1,9-3,2026-03-25,2026-03-25T06:08:41.000000,2026-03-25T06:08:41.000000
488,12,3,1,12-4,2026-03-25,2026-03-25T18:59:02.000000,2026-03-25T18:59:02.000000
489,13,4,1,13-3,2026-03-25,2026-03-25T06:29:37.000000,2026-03-25T06:29:37.000000
490,14,4,1,14-2,2026-03-25,2026-03-25T06:54:01.000000,2026-03-25T06:54:01.000000
491,17,4,1,17-3,2026-03-25,2026-03-25T18:53:34.000000,2026-03-25T18:53:34.000000
492,19,3,1,19-4,2026-03-25,2026-03-25T15:23:51.000000,2026-03-25T15:23:51.000000
493,20,4,1,20-2,2026-03-25,2026-03-25T07:40:16.000000,2026-03-25T07:40:16.000000
494,21,3,1,21-5,2026-03-25,2026-03-25T11:49:54.000000,2026-03-25T11:49:54.000000
495,22,3,1,22-2,2026-03-25,2026-03-25T20:22:58.000000,2026-03-25T20:22:58.000000
496,25,3,1,25-2,2026-03-25,2026-03-25T07:07:05.000000,2026-03-25T07:07:05.000000
497,26,3,1,26-2,2026-03-25,2026-03-25T19:52:00.000000,2026-03-25T19:52:00.000000
498,1,4,1,1-3,2026-03-26,2026-03-26T18:51:30.000000,2026-03-26T18:51:30.000000
499,2,4,1,2-2,2026-03-26,2026-03-26T07:19:10.000000,2026-03-26T07:19:10.000000
500,12,3,1,12-4,2026-03-26,2026-03-26T19:08:18.000000,2026-03-26T19:08:18.000000
501,13,4,1,13-3,2026-03-26,2026-03-26T07:00:12.000000,2026-03-26T07:00:12.000000
502,14,4,1,14-2,2026-03-26,2026-03-26T06:51:46.000000,2026-03-26T06:51:46.000000
503,15,2,1,15-3,2026-03-26,2026-03-26T19:35:19.000000,2026-03-26T19:35:19.000000
504,17,4,1,17-3,2026-03-26,2026-03-26T19:00:29.000000,2026-03-26T19:00:29.000000
505,21,3,1,21-5,2026-03-26,2026-03-26T13:17:27.000000,2026-03-26T13:17:27.000000
506,24,2,1,24-4,2026-03-26,2026-03-26T08:59:44.000000,2026-03-26T08:59:44.000000
507,26,3,1,26-2,2026-03-26,2026-03-26T18:15:16.000000,2026-03-26T18:15:16.000000
508,29,3,1,29-2,2026-03-26,2026-03-26T19:39:57.000000,2026-03-26T19:39:57.000000
509,5,4,1,5-2,2026-03-27,2026-03-27T07:21:30.000000,2026-03-27T07:21:30.000000
510,7,1,1,7-7,2026-03-27,2026-03-27T11:49:26.000000,2026-03-27T11:49:26.000000
511,9,3,1,9-3,2026-03-27,2026-03-27T07:12:35.000000,2026-03-27T07:12:35.000000
512,11,2,1,11-6,2026-03-27,2026-03-27T10:01:46.000000,2026-03-27T10:01:46.000000
513,13,4,1,13-3,2026-03-27,2026-03-27T06:02:21.000000,2026-03-27T06:02:21.000000
514,15,3,1,15-4,2026-03-27,2026-03-27T16:28:05.000000,2026-03-27T16:28:05.000000
515,16,4,1,16-4,2026-03-27,2026-03-27T17:22:11.000000,2026-03-27T17:22:11.000000
516,19,3,1,19-4,2026-03-27,2026-03-27T11:04:16.000000,2026-03-27T11:04:16.000000
517,20,4,1,20-2,2026-03-27,2026-03-27T06:20:45.000000,2026-03-27T06:20:45.000000
518,25,3,1,25-2,2026-03-27,2026-03-27T06:48:10.000000,2026-03-27T06:48:10.000000
519,27,4,1,27-2,2026-03-27,2026-03-27T06:16:42.000000,2026-03-27T06:16:42.000000
520,28,4,1,28-2,2026-03-27,2026-03-27T06:44:24.000000,2026-03-27T06:44:24.000000
521,29,3,1,29-2,2026-03-27,2026-03-27T19:20:45.000000,2026-03-27T19:20:45.000000
522,2,4,1,2-2,2026-03-28,2026-03-28T06:10:34.000000,2026-03-28T06:10:34.000000
523,3,4,1,3-3,2026-03-28,2026-03-28T06:00:26.000000,2026-03-28T06:00:26.000000
524,5,4,1,5-2,2026-03-28,2026-03-28T07:02:28.000000,2026-03-28T07:02:28.000000
525,6,1,1,6-5,2026-03-28,2026-03-28T11:48:11.000000,2026-03-28T11:48:11.000000
526,7,2,1,7-7,2026-03-28,2026-03-28T09:37:21.000000,2026-03-28T09:37:21.000000
527,9,3,1,9-3,2026-03-28,2026-03-28T06:56:23.000000,2026-03-28T06:56:23.000000
528,11,2,1,11-6,2026-03-28,2026-03-28T10:25:16.000000,2026-03-28T10:25:16.000000
529,13,4,1,13-3,2026-03-28,2026-03-28T06:47:22.000000,2026-03-28T06:47:22.000000
530,14,4,1,14-2,2026-03-28,2026-03-28T06:11:50.000000,2026-03-28T06:11:50.000000
531,15,3,1,15-4,2026-03-28,2026-03-28T18:47:12.000000,2026-03-28T18:47:12.000000
532,17,4,1,17-3,2026-03-28,2026-03-28T18:40:49.000000,2026-03-28T18:40:49.000000
533,18,2,1,18-10,2026-03-28,2026-03-28T06:49:07.000000,2026-03-28T06:49:07.000000
534,19,3,1,19-4,2026-03-28,2026-03-28T12:02:56.000000,2026-03-28T12:02:56.000000
535,20,4,1,20-2,2026-03-28,2026-03-28T08:00:22.000000,2026-03-28T08:00:22.000000
536,21,3,1,21-5,2026-03-28,2026-03-28T12:25:47.000000,2026-03-28T12:25:47.000000
537,25,3,1,25-2,2026-03-28,2026-03-28T06:43:56.000000,2026-03-28T06:43:56.000000
538,26,3,1,26-2,2026-03-28,2026-03-28T18:32:26.000000,2026-03-28T18:32:26.000000
539,28,4,1,28-2,2026-03-28,2026-03-28T07:16:22.000000,2026-03-28T07:16:22.000000
540,29,3,1,29-2,2026-03-28,2026-03-28T18:03:17.000000,2026-03-28T18:03:17.000000
541,30,1,1,30-1,2026-03-29,2026-03-29T08:08:25.000000,2026-03-29T08:08:25.000000
542,1,4,1,1-3,2026-03-30,2026-03-30T20:50:19.000000,2026-03-30T20:50:19.000000
543,2,4,1,2-2,2026-03-30,2026-03-30T06:18:30.000000,2026-03-30T06:18:30.000000
544,5,4,1,5-2,2026-03-30,2026-03-30T06:00:35.000000,2026-03-30T06:00:35.000000
545,8,2,1,8-6,2026-03-30,2026-03-30T18:01:17.000000,2026-03-30T18:01:17.000000
546,9,3,1,9-3,2026-03-30,2026-03-30T06:03:50.000000,2026-03-30T06:03:50.000000
547,11,1,1,11-7,2026-03-30,2026-03-30T08:51:34.000000,2026-03-30T08:51:34.000000
548,12,3,1,12-4,2026-03-30,2026-03-30T20:07:50.000000,2026-03-30T20:07:50.000000
549,13,4,1,13-3,2026-03-30,2026-03-30T07:32:21.000000,2026-03-30T07:32:21.000000
550,14,4,1,14-2,2026-03-30,2026-03-30T07:03:29.000000,2026-03-30T07:03:29.000000
551,18,1,1,18-11,2026-03-30,2026-03-30T08:47:22.000000,2026-03-30T08:47:22.000000
552,19,3,1,19-4,2026-03-30,2026-03-30T15:12:53.000000,2026-03-30T15:12:53.000000
553,20,4,1,20-2,2026-03-30,2026-03-30T06:59:12.000000,2026-03-30T06:59:12.000000
554,22,3,1,22-2,2026-03-30,2026-03-30T20:39:10.000000,2026-03-30T20:39:10.000000
555,23,1,1,23-6,2026-03-30,2026-03-30T11:44:36.000000,2026-03-30T11:44:36.000000
556,25,3,1,25-2,2026-03-30,2026-03-30T07:11:51.000000,2026-03-30T07:11:51.000000
557,26,3,1,26-2,2026-03-30,2026-03-30T18:46:46.000000,2026-03-30T18:46:46.000000
558,27,4,1,27-2,2026-03-30,2026-03-30T07:20:46.000000,2026-03-30T07:20:46.000000
559,28,4,1,28-2,2026-03-30,2026-03-30T07:20:29.000000,2026-03-30T07:20:29.000000
560,1,4,1,1-3,2026-03-31,2026-03-31T18:25:58.000000,2026-03-31T18:25:58.000000
561,2,4,1,2-2,2026-03-31,2026-03-31T06:25:03.000000,2026-03-31T06:25:03.000000
562,7,2,1,7-7,2026-03-31,2026-03-31T08:27:36.000000,2026-03-31T08:27:36.000000
563,9,3,1,9-3,2026-03-31,2026-03-31T06:46:01.000000,2026-03-31T06:46:01.000000
564,12,3,1,12-4,2026-03-31,2026-03-31T19:32:51.000000,2026-03-31T19:32:51.000000
565,17,4,1,17-3,2026-03-31,2026-03-31T19:34:06.000000,2026-03-31T19:34:06.000000
566,18,2,1,18-11,2026-03-31,2026-03-31T10:37:11.000000,2026-03-31T10:37:11.000000
567,19,3,1,19-4,2026-03-31,2026-03-31T11:57:53.000000,2026-03-31T11:57:53.000000
568,20,4,1,20-2,2026-03-31,2026-03-31T06:00:52.000000,2026-03-31T06:00:52.000000
569,21,3,1,21-5,2026-03-31,2026-03-31T13:47:15.000000,2026-03-31T13:47:15.000000
570,22,3,1,22-2,2026-03-31,2026-03-31T18:34:31.000000,2026-03-31T18:34:31.000000
571,25,3,1,25-2,2026-03-31,2026-03-31T07:53:11.000000,2026-03-31T07:53:11.000000
572,29,3,1,29-2,2026-03-31,2026-03-31T19:47:50.000000,2026-03-31T19:47:50.000000
573,1,4,1,1-3,2026-04-01,2026-04-01T20:56:43.000000,2026-04-01T20:56:43.000000
574,2,4,1,2-2,2026-04-01,2026-04-01T06:30:14.000000,2026-04-01T06:30:14.000000
575,8,1,1,8-7,2026-04-01,2026-04-01T17:43:37.000000,2026-04-01T17:43:37.000000
576,9,3,1,9-3,2026-04-01,2026-04-01T06:07:21.000000,2026-04-01T06:07:21.000000
577,13,4,1,13-3,2026-04-01,2026-04-01T06:52:08.000000,2026-04-01T06:52:08.000000
578,19,3,1,19-4,2026-04-01,2026-04-01T14:57:46.000000,2026-04-01T14:57:46.000000
579,20,4,1,20-2,2026-04-01,2026-04-01T06:04:56.000000,2026-04-01T06:04:56.000000
580,21,3,1,21-5,2026-04-01,2026-04-01T12:50:27.000000,2026-04-01T12:50:27.000000
581,25,3,1,25-2,2026-04-01,2026-04-01T06:46:01.000000,2026-04-01T06:46:01.000000
582,28,4,1,28-2,2026-04-01,2026-04-01T06:52:50.000000,2026-04-01T06:52:50.000000
583,29,3,1,29-2,2026-04-01,2026-04-01T20:55:22.000000,2026-04-01T20:55:22.000000
584,30,1,1,30-2,2026-04-01,2026-04-01T12:35:51.000000,2026-04-01T12:35:51.000000
585,31,1,1,31-1,2026-04-01,2026-04-01T19:33:55.000000,2026-04-01T19:33:55.000000
586,1,4,1,1-3,2026-04-02,2026-04-02T17:22:23.000000,2026-04-02T17:22:23.000000
587,2,4,1,2-2,2026-04-02,2026-04-02T07:27:40.000000,2026-04-02T07:27:40.000000
588,3,4,1,3-3,2026-04-02,2026-04-02T07:39:49.000000,2026-04-02T07:39:49.000000
589,5,4,1,5-2,2026-04-02,2026-04-02T06:34:32.000000,2026-04-02T06:34:32.000000
590,7,2,1,7-7,2026-04-02,2026-04-02T07:40:51.000000,2026-04-02T07:40:51.000000
591,9,3,1,9-3,2026-04-02,2026-04-02T07:08:47.000000,2026-04-02T07:08:47.000000
592,10,1,1,10-14,2026-04-02,2026-04-02T09:17:22.000000,2026-04-02T09:17:22.000000
593,11,2,1,11-7,2026-04-02,2026-04-02T08:19:13.000000,2026-04-02T08:19:13.000000
594,12,3,1,12-4,2026-04-02,2026-04-02T17:54:24.000000,2026-04-02T17:54:24.000000
595,13,4,1,13-3,2026-04-02,2026-04-02T06:28:12.000000,2026-04-02T06:28:12.000000
596,15,3,1,15-4,2026-04-02,2026-04-02T17:41:32.000000,2026-04-02T17:41:32.000000
597,17,4,1,17-3,2026-04-02,2026-04-02T20:14:09.000000,2026-04-02T20:14:09.000000
598,19,3,1,19-4,2026-04-02,2026-04-02T13:49:25.000000,2026-04-02T13:49:25.000000
599,22,3,1,22-3,2026-04-02,2026-04-02T17:51:10.000000,2026-04-02T17:51:10.000000
600,25,3,1,25-2,2026-04-02,2026-04-02T06:51:28.000000,2026-04-02T06:51:28.000000
601,26,3,1,26-2,2026-04-02,2026-04-02T20:25:18.000000,2026-04-02T20:25:18.000000
602,27,4,1,27-2,2026-04-02,2026-04-02T06:58:02.000000,2026-04-02T06:58:02.000000
603,28,4,1,28-2,2026-04-02,2026-04-02T06:56:12.000000,2026-04-02T06:56:12.000000
604,31,3,1,31-2,2026-04-02,2026-04-02T19:02:56.000000,2026-04-02T19:02:56.000000
605,1,4,1,1-3,2026-04-03,2026-04-03T20:46:34.000000,2026-04-03T20:46:34.000000
606,2,4,1,2-2,2026-04-03,2026-04-03T06:14:48.000000,2026-04-03T06:14:48.000000
607,3,4,1,3-3,2026-04-03,2026-04-03T06:50:22.000000,2026-04-03T06:50:22.000000
608,5,4,1,5-2,2026-04-03,2026-04-03T06:47:49.000000,2026-04-03T06:47:49.000000
609,11,2,1,11-7,2026-04-03,2026-04-03T09:30:56.000000,2026-04-03T09:30:56.000000
610,12,3,1,12-4,2026-04-03,2026-04-03T20:43:14.000000,2026-04-03T20:43:14.000000
611,13,4,1,13-3,2026-04-03,2026-04-03T07:13:56.000000,2026-04-03T07:13:56.000000
612,15,3,1,15-4,2026-04-03,2026-04-03T17:38:00.000000,2026-04-03T17:38:00.000000
613,16,4,1,16-4,2026-04-03,2026-04-03T19:00:58.000000,2026-04-03T19:00:58.000000
614,21,3,1,21-5,2026-04-03,2026-04-03T14:20:13.000000,2026-04-03T14:20:13.000000
615,26,3,1,26-2,2026-04-03,2026-04-03T18:34:48.000000,2026-04-03T18:34:48.000000
616,27,4,1,27-2,2026-04-03,2026-04-03T07:16:11.000000,2026-04-03T07:16:11.000000
617,28,4,1,28-2,2026-04-03,2026-04-03T07:10:20.000000,2026-04-03T07:10:20.000000
618,29,3,1,29-2,2026-04-03,2026-04-03T19:15:41.000000,2026-04-03T19:15:41.000000
619,31,3,1,31-2,2026-04-03,2026-04-03T19:16:18.000000,2026-04-03T19:16:18.000000
620,1,4,1,1-3,2026-04-04,2026-04-04T19:21:57.000000,2026-04-04T19:21:57.000000
621,2,4,1,2-2,2026-04-04,2026-04-04T06:24:29.000000,2026-04-04T06:24:29.000000
622,5,4,1,5-2,2026-04-04,2026-04-04T06:28:43.000000,2026-04-04T06:28:43.000000
623,6,1,1,6-6,2026-04-04,2026-04-04T20:28:42.000000,2026-04-04T20:28:42.000000
624,7,2,1,7-7,2026-04-04,2026-04-04T08:13:05.000000,2026-04-04T08:13:05.000000
625,10,1,1,10-15,2026-04-04,2026-04-04T13:00:12.000000,2026-04-04T13:00:12.000000
626,11,2,1,11-7,2026-04-04,2026-04-04T07:10:29.000000,2026-04-04T07:10:29.000000
627,12,2,1,12-5,2026-04-04,2026-04-04T16:35:04.000000,2026-04-04T16:35:04.000000
628,13,4,1,13-3,2026-04-04,2026-04-04T06:38:37.000000,2026-04-04T06:38:37.000000
629,18,2,1,18-11,2026-04-04,2026-04-04T09:41:54.000000,2026-04-04T09:41:54.000000
630,19,3,1,19-4,2026-04-04,2026-04-04T10:06:05.000000,2026-04-04T10:06:05.000000
631,20,4,1,20-2,2026-04-04,2026-04-04T06:11:07.000000,2026-04-04T06:11:07.000000
632,23,2,1,23-7,2026-04-04,2026-04-04T17:50:48.000000,2026-04-04T17:50:48.000000
633,25,3,1,25-2,2026-04-04,2026-04-04T06:41:57.000000,2026-04-04T06:41:57.000000
634,26,3,1,26-2,2026-04-04,2026-04-04T19:49:30.000000,2026-04-04T19:49:30.000000
635,27,4,1,27-2,2026-04-04,2026-04-04T06:48:24.000000,2026-04-04T06:48:24.000000
636,28,4,1,28-2,2026-04-04,2026-04-04T06:37:39.000000,2026-04-04T06:37:39.000000
637,31,3,1,31-2,2026-04-04,2026-04-04T19:41:34.000000,2026-04-04T19:41:34.000000
638,2,4,1,2-2,2026-04-06,2026-04-06T07:04:49.000000,2026-04-06T07:04:49.000000
639,3,4,1,3-3,2026-04-06,2026-04-06T07:13:18.000000,2026-04-06T07:13:18.000000
640,9,4,1,9-4,2026-04-06,2026-04-06T06:41:55.000000,2026-04-06T06:41:55.000000
641,12,2,1,12-5,2026-04-06,2026-04-06T19:49:07.000000,2026-04-06T19:49:07.000000
642,14,4,1,14-2,2026-04-06,2026-04-06T06:17:39.000000,2026-04-06T06:17:39.000000
643,15,3,1,15-4,2026-04-06,2026-04-06T19:23:26.000000,2026-04-06T19:23:26.000000
644,17,4,1,17-3,2026-04-06,2026-04-06T18:04:19.000000,2026-04-06T18:04:19.000000
645,18,2,1,18-11,2026-04-06,2026-04-06T08:59:18.000000,2026-04-06T08:59:18.000000
646,20,4,1,20-2,2026-04-06,2026-04-06T06:23:29.000000,2026-04-06T06:23:29.000000
647,25,3,1,25-2,2026-04-06,2026-04-06T06:26:34.000000,2026-04-06T06:26:34.000000
648,27,4,1,27-2,2026-04-06,2026-04-06T06:12:09.000000,2026-04-06T06:12:09.000000
649,31,3,1,31-2,2026-04-06,2026-04-06T19:36:53.000000,2026-04-06T19:36:53.000000
650,1,4,1,1-3,2026-04-07,2026-04-07T19:14:24.000000,2026-04-07T19:14:24.000000
651,2,4,1,2-2,2026-04-07,2026-04-07T06:09:41.000000,2026-04-07T06:09:41.000000
652,3,4,1,3-3,2026-04-07,2026-04-07T07:11:27.000000,2026-04-07T07:11:27.000000
653,5,4,1,5-2,2026-04-07,2026-04-07T07:27:07.000000,2026-04-07T07:27:07.000000
654,8,2,1,8-7,2026-04-07,2026-04-07T19:51:32.000000,2026-04-07T19:51:32.000000
655,9,4,1,9-4,2026-04-07,2026-04-07T07:04:05.000000,2026-04-07T07:04:05.000000
656,12,2,1,12-5,2026-04-07,2026-04-07T17:44:01.000000,2026-04-07T17:44:01.000000
657,14,4,1,14-2,2026-04-07,2026-04-07T07:37:16.000000,2026-04-07T07:37:16.000000
658,15,3,1,15-4,2026-04-07,2026-04-07T20:28:04.000000,2026-04-07T20:28:04.000000
659,17,4,1,17-3,2026-04-07,2026-04-07T18:51:52.000000,2026-04-07T18:51:52.000000
660,21,3,1,21-5,2026-04-07,2026-04-07T12:53:18.000000,2026-04-07T12:53:18.000000
661,23,2,1,23-7,2026-04-07,2026-04-07T14:22:32.000000,2026-04-07T14:22:32.000000
662,24,2,1,24-4,2026-04-07,2026-04-07T17:36:37.000000,2026-04-07T17:36:37.000000
663,25,3,1,25-2,2026-04-07,2026-04-07T06:39:37.000000,2026-04-07T06:39:37.000000
664,27,4,1,27-2,2026-04-07,2026-04-07T06:21:01.000000,2026-04-07T06:21:01.000000
665,28,4,1,28-2,2026-04-07,2026-04-07T06:51:30.000000,2026-04-07T06:51:30.000000
666,29,3,1,29-2,2026-04-07,2026-04-07T20:32:49.000000,2026-04-07T20:32:49.000000
667,31,3,1,31-2,2026-04-07,2026-04-07T19:36:23.000000,2026-04-07T19:36:23.000000
668,1,4,1,1-3,2026-04-08,2026-04-08T18:41:05.000000,2026-04-08T18:41:05.000000
669,2,4,1,2-2,2026-04-08,2026-04-08T06:14:25.000000,2026-04-08T06:14:25.000000
670,3,4,1,3-3,2026-04-08,2026-04-08T06:43:05.000000,2026-04-08T06:43:05.000000
671,5,4,1,5-2,2026-04-08,2026-04-08T07:02:00.000000,2026-04-08T07:02:00.000000
672,12,2,1,12-5,2026-04-08,2026-04-08T18:27:42.000000,2026-04-08T18:27:42.000000
673,14,4,1,14-2,2026-04-08,2026-04-08T06:24:49.000000,2026-04-08T06:24:49.000000
674,15,3,1,15-4,2026-04-08,2026-04-08T19:56:56.000000,2026-04-08T19:56:56.000000
675,16,4,1,16-4,2026-04-08,2026-04-08T19:34:45.000000,2026-04-08T19:34:45.000000
676,17,4,1,17-3,2026-04-08,2026-04-08T18:31:50.000000,2026-04-08T18:31:50.000000
677,20,4,1,20-2,2026-04-08,2026-04-08T06:21:09.000000,2026-04-08T06:21:09.000000
678,21,3,1,21-5,2026-04-08,2026-04-08T12:20:29.000000,2026-04-08T12:20:29.000000
679,25,3,1,25-2,2026-04-08,2026-04-08T07:24:38.000000,2026-04-08T07:24:38.000000
680,26,3,1,26-2,2026-04-08,2026-04-08T15:26:45.000000,2026-04-08T15:26:45.000000
681,31,3,1,31-2,2026-04-08,2026-04-08T19:03:07.000000,2026-04-08T19:03:07.000000
682,1,4,1,1-3,2026-04-09,2026-04-09T19:53:26.000000,2026-04-09T19:53:26.000000
683,4,1,1,4-4,2026-04-09,2026-04-09T19:42:42.000000,2026-04-09T19:42:42.000000
684,5,4,1,5-2,2026-04-09,2026-04-09T07:51:58.000000,2026-04-09T07:51:58.000000
685,7,1,1,7-8,2026-04-09,2026-04-09T08:12:22.000000,2026-04-09T08:12:22.000000
686,9,4,1,9-4,2026-04-09,2026-04-09T07:12:55.000000,2026-04-09T07:12:55.000000
687,12,2,1,12-5,2026-04-09,2026-04-09T19:25:23.000000,2026-04-09T19:25:23.000000
688,13,4,1,13-3,2026-04-09,2026-04-09T06:16:25.000000,2026-04-09T06:16:25.000000
689,14,4,1,14-2,2026-04-09,2026-04-09T06:49:13.000000,2026-04-09T06:49:13.000000
690,15,3,1,15-4,2026-04-09,2026-04-09T19:06:34.000000,2026-04-09T19:06:34.000000
691,17,4,1,17-3,2026-04-09,2026-04-09T18:39:21.000000,2026-04-09T18:39:21.000000
692,18,2,1,18-11,2026-04-09,2026-04-09T06:08:52.000000,2026-04-09T06:08:52.000000
693,20,4,1,20-2,2026-04-09,2026-04-09T07:49:33.000000,2026-04-09T07:49:33.000000
694,21,3,1,21-5,2026-04-09,2026-04-09T13:49:37.000000,2026-04-09T13:49:37.000000
695,22,3,1,22-3,2026-04-09,2026-04-09T19:32:10.000000,2026-04-09T19:32:10.000000
696,29,3,1,29-2,2026-04-09,2026-04-09T19:06:43.000000,2026-04-09T19:06:43.000000
697,31,3,1,31-2,2026-04-09,2026-04-09T18:10:18.000000,2026-04-09T18:10:18.000000
698,3,4,1,3-3,2026-04-10,2026-04-10T06:24:00.000000,2026-04-10T06:24:00.000000
699,4,1,1,4-5,2026-04-10,2026-04-10T18:36:06.000000,2026-04-10T18:36:06.000000
700,5,4,1,5-2,2026-04-10,2026-04-10T06:55:06.000000,2026-04-10T06:55:06.000000
701,7,2,1,7-8,2026-04-10,2026-04-10T09:22:45.000000,2026-04-10T09:22:45.000000
702,11,1,1,11-8,2026-04-10,2026-04-10T09:38:22.000000,2026-04-10T09:38:22.000000
703,13,4,1,13-3,2026-04-10,2026-04-10T07:30:57.000000,2026-04-10T07:30:57.000000
704,14,4,1,14-2,2026-04-10,2026-04-10T07:09:01.000000,2026-04-10T07:09:01.000000
705,16,4,1,16-4,2026-04-10,2026-04-10T17:59:28.000000,2026-04-10T17:59:28.000000
706,20,4,1,20-2,2026-04-10,2026-04-10T06:37:56.000000,2026-04-10T06:37:56.000000
707,22,3,1,22-3,2026-04-10,2026-04-10T20:37:21.000000,2026-04-10T20:37:21.000000
708,25,3,1,25-2,2026-04-10,2026-04-10T08:09:22.000000,2026-04-10T08:09:22.000000
709,28,4,1,28-2,2026-04-10,2026-04-10T06:17:29.000000,2026-04-10T06:17:29.000000
710,29,3,1,29-2,2026-04-10,2026-04-10T20:21:00.000000,2026-04-10T20:21:00.000000
711,1,4,1,1-3,2026-04-11,2026-04-11T20:06:09.000000,2026-04-11T20:06:09.000000
712,2,4,1,2-2,2026-04-11,2026-04-11T07:52:31.000000,2026-04-11T07:52:31.000000
713,3,4,1,3-3,2026-04-11,2026-04-11T06:36:04.000000,2026-04-11T06:36:04.000000
714,5,4,1,5-2,2026-04-11,2026-04-11T08:52:52.000000,2026-04-11T08:52:52.000000
715,9,4,1,9-4,2026-04-11,2026-04-11T07:09:49.000000,2026-04-11T07:09:49.000000
716,11,1,1,11-9,2026-04-11,2026-04-11T13:09:30.000000,2026-04-11T13:09:30.000000
717,12,3,1,12-6,2026-04-11,2026-04-11T17:25:12.000000,2026-04-11T17:25:12.000000
718,13,4,1,13-3,2026-04-11,2026-04-11T08:20:30.000000,2026-04-11T08:20:30.000000
719,15,3,1,15-4,2026-04-11,2026-04-11T18:12:02.000000,2026-04-11T18:12:02.000000
720,17,4,1,17-3,2026-04-11,2026-04-11T19:01:25.000000,2026-04-11T19:01:25.000000
721,18,1,1,18-12,2026-04-11,2026-04-11T06:35:12.000000,2026-04-11T06:35:12.000000
722,20,4,1,20-2,2026-04-11,2026-04-11T06:39:58.000000,2026-04-11T06:39:58.000000
723,24,2,1,24-4,2026-04-11,2026-04-11T18:58:55.000000,2026-04-11T18:58:55.000000
724,25,3,1,25-2,2026-04-11,2026-04-11T06:31:48.000000,2026-04-11T06:31:48.000000
725,26,3,1,26-2,2026-04-11,2026-04-11T18:49:34.000000,2026-04-11T18:49:34.000000
726,31,3,1,31-2,2026-04-11,2026-04-11T17:25:42.000000,2026-04-11T17:25:42.000000
727,3,4,1,3-3,2026-04-13,2026-04-13T06:48:02.000000,2026-04-13T06:48:02.000000
728,4,2,1,4-6,2026-04-13,2026-04-13T19:31:47.000000,2026-04-13T19:31:47.000000
729,5,4,1,5-2,2026-04-13,2026-04-13T06:49:06.000000,2026-04-13T06:49:06.000000
730,9,4,1,9-4,2026-04-13,2026-04-13T06:52:17.000000,2026-04-13T06:52:17.000000
731,12,3,1,12-6,2026-04-13,2026-04-13T20:00:35.000000,2026-04-13T20:00:35.000000
732,13,4,1,13-3,2026-04-13,2026-04-13T06:33:32.000000,2026-04-13T06:33:32.000000
733,15,3,1,15-4,2026-04-13,2026-04-13T17:46:28.000000,2026-04-13T17:46:28.000000
734,19,3,1,19-4,2026-04-13,2026-04-13T13:04:13.000000,2026-04-13T13:04:13.000000
735,22,3,1,22-3,2026-04-13,2026-04-13T20:29:18.000000,2026-04-13T20:29:18.000000
736,25,3,1,25-2,2026-04-13,2026-04-13T06:36:50.000000,2026-04-13T06:36:50.000000
737,28,4,1,28-2,2026-04-13,2026-04-13T07:01:29.000000,2026-04-13T07:01:29.000000
738,32,1,1,32-1,2026-04-13,2026-04-13T20:44:42.000000,2026-04-13T20:44:42.000000
739,1,4,1,1-3,2026-04-14,2026-04-14T18:49:31.000000,2026-04-14T18:49:31.000000
740,2,4,1,2-2,2026-04-14,2026-04-14T06:15:31.000000,2026-04-14T06:15:31.000000
741,4,2,1,4-6,2026-04-14,2026-04-14T20:49:09.000000,2026-04-14T20:49:09.000000
742,5,4,1,5-2,2026-04-14,2026-04-14T07:47:03.000000,2026-04-14T07:47:03.000000
743,6,1,1,6-7,2026-04-14,2026-04-14T20:03:01.000000,2026-04-14T20:03:01.000000
744,12,3,1,12-6,2026-04-14,2026-04-14T19:10:35.000000,2026-04-14T19:10:35.000000
745,14,4,1,14-2,2026-04-14,2026-04-14T06:17:03.000000,2026-04-14T06:17:03.000000
746,15,3,1,15-4,2026-04-14,2026-04-14T18:56:23.000000,2026-04-14T18:56:23.000000
747,17,4,1,17-3,2026-04-14,2026-04-14T19:00:06.000000,2026-04-14T19:00:06.000000
748,18,1,1,18-13,2026-04-14,2026-04-14T08:30:34.000000,2026-04-14T08:30:34.000000
749,19,3,1,19-4,2026-04-14,2026-04-14T11:11:16.000000,2026-04-14T11:11:16.000000
750,20,4,1,20-2,2026-04-14,2026-04-14T07:11:18.000000,2026-04-14T07:11:18.000000
751,21,3,1,21-5,2026-04-14,2026-04-14T10:13:02.000000,2026-04-14T10:13:02.000000
752,23,2,1,23-7,2026-04-14,2026-04-14T10:21:23.000000,2026-04-14T10:21:23.000000
753,25,3,1,25-2,2026-04-14,2026-04-14T06:00:43.000000,2026-04-14T06:00:43.000000
754,29,3,1,29-2,2026-04-14,2026-04-14T18:34:25.000000,2026-04-14T18:34:25.000000
755,30,1,1,30-3,2026-04-14,2026-04-14T08:56:44.000000,2026-04-14T08:56:44.000000
756,31,3,1,31-2,2026-04-14,2026-04-14T17:48:53.000000,2026-04-14T17:48:53.000000
757,32,3,1,32-2,2026-04-14,2026-04-14T19:17:11.000000,2026-04-14T19:17:11.000000
758,3,4,1,3-3,2026-04-15,2026-04-15T06:59:39.000000,2026-04-15T06:59:39.000000
759,6,1,1,6-8,2026-04-15,2026-04-15T08:51:38.000000,2026-04-15T08:51:38.000000
760,8,1,1,8-8,2026-04-15,2026-04-15T20:29:26.000000,2026-04-15T20:29:26.000000
761,9,4,1,9-4,2026-04-15,2026-04-15T06:59:52.000000,2026-04-15T06:59:52.000000
762,11,1,1,11-10,2026-04-15,2026-04-15T10:03:51.000000,2026-04-15T10:03:51.000000
763,14,4,1,14-2,2026-04-15,2026-04-15T06:43:51.000000,2026-04-15T06:43:51.000000
764,15,3,1,15-4,2026-04-15,2026-04-15T17:05:55.000000,2026-04-15T17:05:55.000000
765,16,4,1,16-4,2026-04-15,2026-04-15T19:30:12.000000,2026-04-15T19:30:12.000000
766,17,4,1,17-3,2026-04-15,2026-04-15T19:50:44.000000,2026-04-15T19:50:44.000000
767,20,4,1,20-2,2026-04-15,2026-04-15T06:52:08.000000,2026-04-15T06:52:08.000000
768,22,3,1,22-3,2026-04-15,2026-04-15T18:47:13.000000,2026-04-15T18:47:13.000000
769,25,3,1,25-2,2026-04-15,2026-04-15T06:52:36.000000,2026-04-15T06:52:36.000000
770,27,4,1,27-2,2026-04-15,2026-04-15T07:05:25.000000,2026-04-15T07:05:25.000000
771,28,4,1,28-2,2026-04-15,2026-04-15T06:24:11.000000,2026-04-15T06:24:11.000000
772,29,3,1,29-2,2026-04-15,2026-04-15T18:27:05.000000,2026-04-15T18:27:05.000000
773,1,4,1,1-3,2026-04-16,2026-04-16T19:22:12.000000,2026-04-16T19:22:12.000000
774,2,4,1,2-2,2026-04-16,2026-04-16T06:01:01.000000,2026-04-16T06:01:01.000000
775,8,1,1,8-9,2026-04-16,2026-04-16T18:12:48.000000,2026-04-16T18:12:48.000000
776,12,3,1,12-6,2026-04-16,2026-04-16T19:15:40.000000,2026-04-16T19:15:40.000000
777,13,4,1,13-3,2026-04-16,2026-04-16T06:01:58.000000,2026-04-16T06:01:58.000000
778,15,3,1,15-4,2026-04-16,2026-04-16T20:16:03.000000,2026-04-16T20:16:03.000000
779,16,4,1,16-4,2026-04-16,2026-04-16T18:56:18.000000,2026-04-16T18:56:18.000000
780,17,4,1,17-3,2026-04-16,2026-04-16T18:33:41.000000,2026-04-16T18:33:41.000000
781,18,1,1,18-14,2026-04-16,2026-04-16T07:41:37.000000,2026-04-16T07:41:37.000000
782,20,4,1,20-2,2026-04-16,2026-04-16T06:19:52.000000,2026-04-16T06:19:52.000000
783,25,3,1,25-3,2026-04-16,2026-04-16T08:44:11.000000,2026-04-16T08:44:11.000000
784,26,3,1,26-2,2026-04-16,2026-04-16T19:42:05.000000,2026-04-16T19:42:05.000000
785,31,3,1,31-2,2026-04-16,2026-04-16T19:05:12.000000,2026-04-16T19:05:12.000000
786,32,3,1,32-2,2026-04-16,2026-04-16T18:24:39.000000,2026-04-16T18:24:39.000000
787,2,4,1,2-2,2026-04-17,2026-04-17T07:38:22.000000,2026-04-17T07:38:22.000000
788,4,2,1,4-6,2026-04-17,2026-04-17T17:35:41.000000,2026-04-17T17:35:41.000000
789,7,1,1,7-9,2026-04-17,2026-04-17T11:56:43.000000,2026-04-17T11:56:43.000000
790,9,4,1,9-4,2026-04-17,2026-04-17T07:33:56.000000,2026-04-17T07:33:56.000000
791,10,3,1,10-16,2026-04-17,2026-04-17T18:05:55.000000,2026-04-17T18:05:55.000000
792,11,1,1,11-11,2026-04-17,2026-04-17T06:00:57.000000,2026-04-17T06:00:57.000000
793,14,4,1,14-2,2026-04-17,2026-04-17T06:18:16.000000,2026-04-17T06:18:16.000000
794,16,4,1,16-4,2026-04-17,2026-04-17T20:32:01.000000,2026-04-17T20:32:01.000000
795,17,4,1,17-3,2026-04-17,2026-04-17T19:02:20.000000,2026-04-17T19:02:20.000000
796,19,3,1,19-4,2026-04-17,2026-04-17T14:26:14.000000,2026-04-17T14:26:14.000000
797,20,4,1,20-2,2026-04-17,2026-04-17T06:15:07.000000,2026-04-17T06:15:07.000000
798,22,3,1,22-3,2026-04-17,2026-04-17T18:11:28.000000,2026-04-17T18:11:28.000000
799,26,3,1,26-2,2026-04-17,2026-04-17T20:32:00.000000,2026-04-17T20:32:00.000000
800,31,3,1,31-2,2026-04-17,2026-04-17T19:55:36.000000,2026-04-17T19:55:36.000000
801,2,4,1,2-2,2026-04-18,2026-04-18T07:27:02.000000,2026-04-18T07:27:02.000000
802,3,4,1,3-3,2026-04-18,2026-04-18T06:14:57.000000,2026-04-18T06:14:57.000000
803,5,4,1,5-2,2026-04-18,2026-04-18T06:39:56.000000,2026-04-18T06:39:56.000000
804,7,1,1,7-10,2026-04-18,2026-04-18T08:41:43.000000,2026-04-18T08:41:43.000000
805,8,3,1,8-10,2026-04-18,2026-04-18T16:52:48.000000,2026-04-18T16:52:48.000000
806,9,4,1,9-4,2026-04-18,2026-04-18T07:07:57.000000,2026-04-18T07:07:57.000000
807,12,3,1,12-6,2026-04-18,2026-04-18T19:31:43.000000,2026-04-18T19:31:43.000000
808,13,4,1,13-3,2026-04-18,2026-04-18T07:35:48.000000,2026-04-18T07:35:48.000000
809,15,3,1,15-4,2026-04-18,2026-04-18T19:25:03.000000,2026-04-18T19:25:03.000000
810,16,4,1,16-4,2026-04-18,2026-04-18T18:59:39.000000,2026-04-18T18:59:39.000000
811,17,4,1,17-3,2026-04-18,2026-04-18T20:21:53.000000,2026-04-18T20:21:53.000000
812,18,1,1,18-15,2026-04-18,2026-04-18T09:15:23.000000,2026-04-18T09:15:23.000000
813,19,3,1,19-4,2026-04-18,2026-04-18T13:21:28.000000,2026-04-18T13:21:28.000000
814,20,4,1,20-2,2026-04-18,2026-04-18T06:07:08.000000,2026-04-18T06:07:08.000000
815,21,3,1,21-5,2026-04-18,2026-04-18T11:30:08.000000,2026-04-18T11:30:08.000000
816,26,3,1,26-2,2026-04-18,2026-04-18T20:03:32.000000,2026-04-18T20:03:32.000000
817,27,4,1,27-2,2026-04-18,2026-04-18T07:06:53.000000,2026-04-18T07:06:53.000000
818,28,4,1,28-2,2026-04-18,2026-04-18T07:15:32.000000,2026-04-18T07:15:32.000000
819,30,1,1,30-4,2026-04-18,2026-04-18T06:27:16.000000,2026-04-18T06:27:16.000000
820,3,4,1,3-3,2026-04-20,2026-04-20T06:24:43.000000,2026-04-20T06:24:43.000000
821,4,2,1,4-6,2026-04-20,2026-04-20T18:55:47.000000,2026-04-20T18:55:47.000000
822,6,1,1,6-9,2026-04-20,2026-04-20T10:47:21.000000,2026-04-20T10:47:21.000000
823,11,1,1,11-12,2026-04-20,2026-04-20T09:33:44.000000,2026-04-20T09:33:44.000000
824,12,3,1,12-6,2026-04-20,2026-04-20T20:29:16.000000,2026-04-20T20:29:16.000000
825,14,4,1,14-2,2026-04-20,2026-04-20T07:06:27.000000,2026-04-20T07:06:27.000000
826,15,3,1,15-4,2026-04-20,2026-04-20T19:54:45.000000,2026-04-20T19:54:45.000000
827,18,1,1,18-16,2026-04-20,2026-04-20T10:42:23.000000,2026-04-20T10:42:23.000000
828,20,4,1,20-2,2026-04-20,2026-04-20T07:09:25.000000,2026-04-20T07:09:25.000000
829,21,2,1,21-6,2026-04-20,2026-04-20T13:13:11.000000,2026-04-20T13:13:11.000000
830,22,3,1,22-3,2026-04-20,2026-04-20T18:04:02.000000,2026-04-20T18:04:02.000000
831,25,3,1,25-3,2026-04-20,2026-04-20T07:12:36.000000,2026-04-20T07:12:36.000000
832,26,3,1,26-2,2026-04-20,2026-04-20T18:49:55.000000,2026-04-20T18:49:55.000000
833,27,4,1,27-2,2026-04-20,2026-04-20T06:04:55.000000,2026-04-20T06:04:55.000000
834,28,4,1,28-2,2026-04-20,2026-04-20T07:18:52.000000,2026-04-20T07:18:52.000000
835,31,3,1,31-2,2026-04-20,2026-04-20T18:35:04.000000,2026-04-20T18:35:04.000000
836,32,3,1,32-2,2026-04-20,2026-04-20T19:41:46.000000,2026-04-20T19:41:46.000000
837,1,4,1,1-3,2026-04-21,2026-04-21T20:54:08.000000,2026-04-21T20:54:08.000000
838,3,4,1,3-3,2026-04-21,2026-04-21T07:15:48.000000,2026-04-21T07:15:48.000000
839,4,2,1,4-6,2026-04-21,2026-04-21T20:42:04.000000,2026-04-21T20:42:04.000000
840,7,1,1,7-11,2026-04-21,2026-04-21T10:08:25.000000,2026-04-21T10:08:25.000000
841,8,3,1,8-10,2026-04-21,2026-04-21T19:46:00.000000,2026-04-21T19:46:00.000000
842,9,4,1,9-4,2026-04-21,2026-04-21T06:32:55.000000,2026-04-21T06:32:55.000000
843,11,1,1,11-13,2026-04-21,2026-04-21T06:45:14.000000,2026-04-21T06:45:14.000000
844,12,3,1,12-6,2026-04-21,2026-04-21T19:51:50.000000,2026-04-21T19:51:50.000000
845,14,4,1,14-2,2026-04-21,2026-04-21T06:49:16.000000,2026-04-21T06:49:16.000000
846,15,3,1,15-4,2026-04-21,2026-04-21T20:21:10.000000,2026-04-21T20:21:10.000000
847,17,4,1,17-3,2026-04-21,2026-04-21T20:08:40.000000,2026-04-21T20:08:40.000000
848,18,3,1,18-17,2026-04-21,2026-04-21T08:36:42.000000,2026-04-21T08:36:42.000000
849,20,4,1,20-2,2026-04-21,2026-04-21T07:15:57.000000,2026-04-21T07:15:57.000000
850,21,2,1,21-6,2026-04-21,2026-04-21T11:03:15.000000,2026-04-21T11:03:15.000000
851,23,2,1,23-7,2026-04-21,2026-04-21T10:08:29.000000,2026-04-21T10:08:29.000000
852,25,3,1,25-3,2026-04-21,2026-04-21T07:41:04.000000,2026-04-21T07:41:04.000000
853,27,4,1,27-2,2026-04-21,2026-04-21T06:35:03.000000,2026-04-21T06:35:03.000000
854,29,3,1,29-2,2026-04-21,2026-04-21T19:18:17.000000,2026-04-21T19:18:17.000000
855,32,3,1,32-2,2026-04-21,2026-04-21T19:15:34.000000,2026-04-21T19:15:34.000000
856,33,1,1,33-1,2026-04-21,2026-04-21T12:43:27.000000,2026-04-21T12:43:27.000000
857,34,1,1,34-1,2026-04-21,2026-04-21T19:45:48.000000,2026-04-21T19:45:48.000000
858,35,1,1,35-1,2026-04-21,2026-04-21T09:55:28.000000,2026-04-21T09:55:28.000000
859,2,4,1,2-2,2026-04-22,2026-04-22T06:04:58.000000,2026-04-22T06:04:58.000000
860,3,4,1,3-3,2026-04-22,2026-04-22T06:44:02.000000,2026-04-22T06:44:02.000000
861,4,2,1,4-7,2026-04-22,2026-04-22T20:51:22.000000,2026-04-22T20:51:22.000000
862,5,4,1,5-2,2026-04-22,2026-04-22T06:20:57.000000,2026-04-22T06:20:57.000000
863,8,3,1,8-10,2026-04-22,2026-04-22T18:53:24.000000,2026-04-22T18:53:24.000000
864,9,4,1,9-4,2026-04-22,2026-04-22T06:11:04.000000,2026-04-22T06:11:04.000000
865,10,3,1,10-16,2026-04-22,2026-04-22T20:15:31.000000,2026-04-22T20:15:31.000000
866,13,4,1,13-3,2026-04-22,2026-04-22T06:31:20.000000,2026-04-22T06:31:20.000000
867,14,4,1,14-2,2026-04-22,2026-04-22T07:42:07.000000,2026-04-22T07:42:07.000000
868,15,3,1,15-4,2026-04-22,2026-04-22T19:53:25.000000,2026-04-22T19:53:25.000000
869,17,4,1,17-3,2026-04-22,2026-04-22T18:45:11.000000,2026-04-22T18:45:11.000000
870,18,3,1,18-17,2026-04-22,2026-04-22T09:24:33.000000,2026-04-22T09:24:33.000000
871,20,4,1,20-2,2026-04-22,2026-04-22T06:01:01.000000,2026-04-22T06:01:01.000000
872,21,2,1,21-6,2026-04-22,2026-04-22T16:07:17.000000,2026-04-22T16:07:17.000000
873,22,3,1,22-3,2026-04-22,2026-04-22T18:36:42.000000,2026-04-22T18:36:42.000000
874,25,3,1,25-3,2026-04-22,2026-04-22T06:12:36.000000,2026-04-22T06:12:36.000000
875,26,3,1,26-2,2026-04-22,2026-04-22T20:55:10.000000,2026-04-22T20:55:10.000000
876,27,4,1,27-2,2026-04-22,2026-04-22T06:26:34.000000,2026-04-22T06:26:34.000000
877,28,4,1,28-2,2026-04-22,2026-04-22T06:09:40.000000,2026-04-22T06:09:40.000000
878,29,3,1,29-2,2026-04-22,2026-04-22T19:31:58.000000,2026-04-22T19:31:58.000000
879,32,3,1,32-2,2026-04-22,2026-04-22T18:36:28.000000,2026-04-22T18:36:28.000000
880,33,2,1,33-2,2026-04-22,2026-04-22T12:15:22.000000,2026-04-22T12:15:22.000000
881,35,2,1,35-2,2026-04-22,2026-04-22T09:46:54.000000,2026-04-22T09:46:54.000000
882,36,1,1,36-1,2026-04-22,2026-04-22T18:57:38.000000,2026-04-22T18:57:38.000000
883,1,4,1,1-3,2026-04-23,2026-04-23T20:21:13.000000,2026-04-23T20:21:13.000000
884,2,4,1,2-2,2026-04-23,2026-04-23T06:19:14.000000,2026-04-23T06:19:14.000000
885,3,4,1,3-3,2026-04-23,2026-04-23T06:44:19.000000,2026-04-23T06:44:19.000000
886,4,2,1,4-7,2026-04-23,2026-04-23T16:42:24.000000,2026-04-23T16:42:24.000000
887,8,3,1,8-10,2026-04-23,2026-04-23T20:57:15.000000,2026-04-23T20:57:15.000000
888,12,3,1,12-6,2026-04-23,2026-04-23T20:09:38.000000,2026-04-23T20:09:38.000000
889,14,4,1,14-2,2026-04-23,2026-04-23T06:00:08.000000,2026-04-23T06:00:08.000000
890,15,3,1,15-4,2026-04-23,2026-04-23T18:37:10.000000,2026-04-23T18:37:10.000000
891,16,4,1,16-4,2026-04-23,2026-04-23T18:11:43.000000,2026-04-23T18:11:43.000000
892,17,4,1,17-3,2026-04-23,2026-04-23T19:10:09.000000,2026-04-23T19:10:09.000000
893,18,3,1,18-17,2026-04-23,2026-04-23T07:53:51.000000,2026-04-23T07:53:51.000000
894,19,3,1,19-5,2026-04-23,2026-04-23T12:29:17.000000,2026-04-23T12:29:17.000000
895,20,4,1,20-2,2026-04-23,2026-04-23T06:03:53.000000,2026-04-23T06:03:53.000000
896,26,2,1,26-3,2026-04-23,2026-04-23T20:22:24.000000,2026-04-23T20:22:24.000000
897,27,4,1,27-2,2026-04-23,2026-04-23T06:57:23.000000,2026-04-23T06:57:23.000000
898,28,4,1,28-2,2026-04-23,2026-04-23T06:21:32.000000,2026-04-23T06:21:32.000000
899,29,3,1,29-2,2026-04-23,2026-04-23T19:34:46.000000,2026-04-23T19:34:46.000000
900,32,3,1,32-2,2026-04-23,2026-04-23T17:58:14.000000,2026-04-23T17:58:14.000000
901,33,2,1,33-2,2026-04-23,2026-04-23T14:42:48.000000,2026-04-23T14:42:48.000000
902,34,4,1,34-2,2026-04-23,2026-04-23T20:11:36.000000,2026-04-23T20:11:36.000000
903,35,2,1,35-2,2026-04-23,2026-04-23T12:10:47.000000,2026-04-23T12:10:47.000000
904,36,1,1,36-2,2026-04-23,2026-04-23T18:46:31.000000,2026-04-23T18:46:31.000000
905,1,4,1,1-3,2026-04-24,2026-04-24T18:09:19.000000,2026-04-24T18:09:19.000000
906,2,4,1,2-2,2026-04-24,2026-04-24T06:37:40.000000,2026-04-24T06:37:40.000000
907,3,4,1,3-3,2026-04-24,2026-04-24T06:42:55.000000,2026-04-24T06:42:55.000000
908,8,3,1,8-10,2026-04-24,2026-04-24T19:42:12.000000,2026-04-24T19:42:12.000000
909,10,3,1,10-16,2026-04-24,2026-04-24T10:33:31.000000,2026-04-24T10:33:31.000000
910,11,1,1,11-14,2026-04-24,2026-04-24T06:08:44.000000,2026-04-24T06:08:44.000000
911,15,3,1,15-4,2026-04-24,2026-04-24T19:05:41.000000,2026-04-24T19:05:41.000000
912,17,4,1,17-3,2026-04-24,2026-04-24T20:02:00.000000,2026-04-24T20:02:00.000000
913,20,4,1,20-2,2026-04-24,2026-04-24T06:51:05.000000,2026-04-24T06:51:05.000000
914,22,3,1,22-3,2026-04-24,2026-04-24T17:01:46.000000,2026-04-24T17:01:46.000000
915,24,1,1,24-5,2026-04-24,2026-04-24T13:00:13.000000,2026-04-24T13:00:13.000000
916,25,3,1,25-3,2026-04-24,2026-04-24T07:20:52.000000,2026-04-24T07:20:52.000000
917,26,2,1,26-3,2026-04-24,2026-04-24T17:09:31.000000,2026-04-24T17:09:31.000000
918,27,4,1,27-2,2026-04-24,2026-04-24T06:01:21.000000,2026-04-24T06:01:21.000000
919,28,4,1,28-2,2026-04-24,2026-04-24T07:02:30.000000,2026-04-24T07:02:30.000000
920,32,3,1,32-2,2026-04-24,2026-04-24T19:27:34.000000,2026-04-24T19:27:34.000000
921,36,3,1,36-3,2026-04-24,2026-04-24T19:34:17.000000,2026-04-24T19:34:17.000000
922,1,4,1,1-3,2026-04-25,2026-04-25T18:27:42.000000,2026-04-25T18:27:42.000000
923,2,4,1,2-2,2026-04-25,2026-04-25T06:24:53.000000,2026-04-25T06:24:53.000000
924,3,4,1,3-3,2026-04-25,2026-04-25T06:23:05.000000,2026-04-25T06:23:05.000000
925,5,4,1,5-2,2026-04-25,2026-04-25T07:12:58.000000,2026-04-25T07:12:58.000000
926,9,4,1,9-4,2026-04-25,2026-04-25T06:11:31.000000,2026-04-25T06:11:31.000000
927,10,3,1,10-16,2026-04-25,2026-04-25T14:59:17.000000,2026-04-25T14:59:17.000000
928,13,4,1,13-3,2026-04-25,2026-04-25T06:22:00.000000,2026-04-25T06:22:00.000000
929,14,4,1,14-2,2026-04-25,2026-04-25T07:42:41.000000,2026-04-25T07:42:41.000000
930,15,3,1,15-4,2026-04-25,2026-04-25T19:47:08.000000,2026-04-25T19:47:08.000000
931,18,3,1,18-17,2026-04-25,2026-04-25T09:26:44.000000,2026-04-25T09:26:44.000000
932,19,3,1,19-5,2026-04-25,2026-04-25T13:36:10.000000,2026-04-25T13:36:10.000000
933,20,4,1,20-2,2026-04-25,2026-04-25T06:53:22.000000,2026-04-25T06:53:22.000000
934,21,2,1,21-6,2026-04-25,2026-04-25T13:20:09.000000,2026-04-25T13:20:09.000000
935,22,3,1,22-3,2026-04-25,2026-04-25T16:20:04.000000,2026-04-25T16:20:04.000000
936,23,2,1,23-7,2026-04-25,2026-04-25T20:04:08.000000,2026-04-25T20:04:08.000000
937,25,3,1,25-3,2026-04-25,2026-04-25T06:22:49.000000,2026-04-25T06:22:49.000000
938,26,2,1,26-3,2026-04-25,2026-04-25T20:10:57.000000,2026-04-25T20:10:57.000000
939,27,4,1,27-2,2026-04-25,2026-04-25T06:59:51.000000,2026-04-25T06:59:51.000000
940,28,4,1,28-2,2026-04-25,2026-04-25T07:18:14.000000,2026-04-25T07:18:14.000000
941,30,1,1,30-5,2026-04-25,2026-04-25T17:11:19.000000,2026-04-25T17:11:19.000000
942,31,3,1,31-2,2026-04-25,2026-04-25T20:18:11.000000,2026-04-25T20:18:11.000000
943,33,2,1,33-2,2026-04-25,2026-04-25T13:43:10.000000,2026-04-25T13:43:10.000000
944,34,4,1,34-2,2026-04-25,2026-04-25T18:43:20.000000,2026-04-25T18:43:20.000000
945,35,2,1,35-2,2026-04-25,2026-04-25T09:08:39.000000,2026-04-25T09:08:39.000000
946,36,3,1,36-3,2026-04-25,2026-04-25T19:42:42.000000,2026-04-25T19:42:42.000000
947,1,4,1,1-3,2026-04-27,2026-04-27T20:37:07.000000,2026-04-27T20:37:07.000000
948,2,4,1,2-2,2026-04-27,2026-04-27T06:30:54.000000,2026-04-27T06:30:54.000000
949,4,2,1,4-7,2026-04-27,2026-04-27T19:11:30.000000,2026-04-27T19:11:30.000000
950,5,4,1,5-2,2026-04-27,2026-04-27T06:37:58.000000,2026-04-27T06:37:58.000000
951,9,4,1,9-4,2026-04-27,2026-04-27T06:42:57.000000,2026-04-27T06:42:57.000000
952,12,3,1,12-6,2026-04-27,2026-04-27T19:19:46.000000,2026-04-27T19:19:46.000000
953,14,4,1,14-2,2026-04-27,2026-04-27T06:09:25.000000,2026-04-27T06:09:25.000000
954,16,4,1,16-4,2026-04-27,2026-04-27T16:58:51.000000,2026-04-27T16:58:51.000000
955,19,3,1,19-5,2026-04-27,2026-04-27T11:49:10.000000,2026-04-27T11:49:10.000000
956,21,2,1,21-6,2026-04-27,2026-04-27T12:08:40.000000,2026-04-27T12:08:40.000000
957,22,3,1,22-3,2026-04-27,2026-04-27T19:17:49.000000,2026-04-27T19:17:49.000000
958,25,3,1,25-3,2026-04-27,2026-04-27T06:17:35.000000,2026-04-27T06:17:35.000000
959,27,4,1,27-2,2026-04-27,2026-04-27T06:12:28.000000,2026-04-27T06:12:28.000000
960,32,3,1,32-2,2026-04-27,2026-04-27T17:36:13.000000,2026-04-27T17:36:13.000000
961,34,4,1,34-2,2026-04-27,2026-04-27T19:48:43.000000,2026-04-27T19:48:43.000000
962,36,3,1,36-3,2026-04-27,2026-04-27T20:09:03.000000,2026-04-27T20:09:03.000000
963,1,4,1,1-3,2026-04-28,2026-04-28T19:58:01.000000,2026-04-28T19:58:01.000000
964,3,4,1,3-3,2026-04-28,2026-04-28T06:50:56.000000,2026-04-28T06:50:56.000000
965,5,4,1,5-2,2026-04-28,2026-04-28T07:00:20.000000,2026-04-28T07:00:20.000000
966,6,1,1,6-10,2026-04-28,2026-04-28T15:25:14.000000,2026-04-28T15:25:14.000000
967,7,2,1,7-12,2026-04-28,2026-04-28T07:31:04.000000,2026-04-28T07:31:04.000000
968,9,4,1,9-4,2026-04-28,2026-04-28T06:30:14.000000,2026-04-28T06:30:14.000000
969,10,3,1,10-16,2026-04-28,2026-04-28T09:01:39.000000,2026-04-28T09:01:39.000000
970,13,4,1,13-3,2026-04-28,2026-04-28T06:26:15.000000,2026-04-28T06:26:15.000000
971,15,4,1,15-5,2026-04-28,2026-04-28T18:10:13.000000,2026-04-28T18:10:13.000000
972,17,4,1,17-3,2026-04-28,2026-04-28T17:22:03.000000,2026-04-28T17:22:03.000000
973,25,3,1,25-3,2026-04-28,2026-04-28T06:13:00.000000,2026-04-28T06:13:00.000000
974,26,2,1,26-3,2026-04-28,2026-04-28T18:55:33.000000,2026-04-28T18:55:33.000000
975,29,3,1,29-3,2026-04-28,2026-04-28T16:59:37.000000,2026-04-28T16:59:37.000000
976,30,1,1,30-6,2026-04-28,2026-04-28T19:03:25.000000,2026-04-28T19:03:25.000000
977,31,3,1,31-2,2026-04-28,2026-04-28T18:41:27.000000,2026-04-28T18:41:27.000000
978,32,3,1,32-2,2026-04-28,2026-04-28T20:25:30.000000,2026-04-28T20:25:30.000000
979,34,4,1,34-2,2026-04-28,2026-04-28T19:18:49.000000,2026-04-28T19:18:49.000000
980,35,2,1,35-2,2026-04-28,2026-04-28T07:40:23.000000,2026-04-28T07:40:23.000000
981,36,3,1,36-3,2026-04-28,2026-04-28T17:57:52.000000,2026-04-28T17:57:52.000000
982,1,4,1,1-3,2026-04-29,2026-04-29T20:07:26.000000,2026-04-29T20:07:26.000000
983,3,4,1,3-3,2026-04-29,2026-04-29T06:13:21.000000,2026-04-29T06:13:21.000000
984,4,2,1,4-7,2026-04-29,2026-04-29T17:41:01.000000,2026-04-29T17:41:01.000000
985,5,4,1,5-2,2026-04-29,2026-04-29T06:47:52.000000,2026-04-29T06:47:52.000000
986,8,3,1,8-10,2026-04-29,2026-04-29T20:50:18.000000,2026-04-29T20:50:18.000000
987,9,4,1,9-4,2026-04-29,2026-04-29T06:41:16.000000,2026-04-29T06:41:16.000000
988,10,3,1,10-16,2026-04-29,2026-04-29T19:21:41.000000,2026-04-29T19:21:41.000000
989,12,3,1,12-6,2026-04-29,2026-04-29T20:07:52.000000,2026-04-29T20:07:52.000000
990,13,4,1,13-3,2026-04-29,2026-04-29T06:35:14.000000,2026-04-29T06:35:14.000000
991,14,4,1,14-2,2026-04-29,2026-04-29T08:00:33.000000,2026-04-29T08:00:33.000000
992,16,4,1,16-4,2026-04-29,2026-04-29T18:01:05.000000,2026-04-29T18:01:05.000000
993,19,3,1,19-5,2026-04-29,2026-04-29T10:49:17.000000,2026-04-29T10:49:17.000000
994,21,1,1,21-7,2026-04-29,2026-04-29T11:48:33.000000,2026-04-29T11:48:33.000000
995,22,3,1,22-3,2026-04-29,2026-04-29T19:46:01.000000,2026-04-29T19:46:01.000000
996,25,3,1,25-3,2026-04-29,2026-04-29T06:39:45.000000,2026-04-29T06:39:45.000000
997,26,2,1,26-3,2026-04-29,2026-04-29T19:36:16.000000,2026-04-29T19:36:16.000000
998,28,4,1,28-2,2026-04-29,2026-04-29T07:00:48.000000,2026-04-29T07:00:48.000000
999,29,3,1,29-3,2026-04-29,2026-04-29T19:37:45.000000,2026-04-29T19:37:45.000000
1000,31,3,1,31-2,2026-04-29,2026-04-29T19:09:49.000000,2026-04-29T19:09:49.000000
1001,32,3,1,32-2,2026-04-29,2026-04-29T19:33:39.000000,2026-04-29T19:33:39.000000
1002,36,3,1,36-3,2026-04-29,2026-04-29T18:52:05.000000,2026-04-29T18:52:05.000000
1003,2,4,1,2-2,2026-04-30,2026-04-30T06:26:49.000000,2026-04-30T06:26:49.000000
1004,3,4,1,3-3,2026-04-30,2026-04-30T06:25:04.000000,2026-04-30T06:25:04.000000
1005,4,2,1,4-7,2026-04-30,2026-04-30T19:52:22.000000,2026-04-30T19:52:22.000000
1006,5,4,1,5-2,2026-04-30,2026-04-30T06:14:10.000000,2026-04-30T06:14:10.000000
1007,8,3,1,8-10,2026-04-30,2026-04-30T19:42:00.000000,2026-04-30T19:42:00.000000
1008,9,4,1,9-4,2026-04-30,2026-04-30T06:44:52.000000,2026-04-30T06:44:52.000000
1009,12,3,1,12-6,2026-04-30,2026-04-30T19:02:28.000000,2026-04-30T19:02:28.000000
1010,13,4,1,13-3,2026-04-30,2026-04-30T07:41:25.000000,2026-04-30T07:41:25.000000
1011,14,4,1,14-2,2026-04-30,2026-04-30T07:01:38.000000,2026-04-30T07:01:38.000000
1012,15,4,1,15-5,2026-04-30,2026-04-30T17:20:03.000000,2026-04-30T17:20:03.000000
1013,16,4,1,16-4,2026-04-30,2026-04-30T16:45:00.000000,2026-04-30T16:45:00.000000
1014,17,4,1,17-3,2026-04-30,2026-04-30T19:50:32.000000,2026-04-30T19:50:32.000000
1015,18,3,1,18-17,2026-04-30,2026-04-30T11:18:32.000000,2026-04-30T11:18:32.000000
1016,19,3,1,19-5,2026-04-30,2026-04-30T13:07:20.000000,2026-04-30T13:07:20.000000
1017,20,4,1,20-2,2026-04-30,2026-04-30T06:55:48.000000,2026-04-30T06:55:48.000000
1018,22,3,1,22-3,2026-04-30,2026-04-30T16:29:28.000000,2026-04-30T16:29:28.000000
1019,25,3,1,25-3,2026-04-30,2026-04-30T06:55:33.000000,2026-04-30T06:55:33.000000
1020,26,1,1,26-4,2026-04-30,2026-04-30T19:56:22.000000,2026-04-30T19:56:22.000000
1021,27,4,1,27-2,2026-04-30,2026-04-30T07:36:17.000000,2026-04-30T07:36:17.000000
1022,31,3,1,31-2,2026-04-30,2026-04-30T18:37:34.000000,2026-04-30T18:37:34.000000
1023,32,3,1,32-2,2026-04-30,2026-04-30T20:14:35.000000,2026-04-30T20:14:35.000000
1024,34,4,1,34-2,2026-04-30,2026-04-30T18:29:37.000000,2026-04-30T18:29:37.000000
1025,36,3,1,36-3,2026-04-30,2026-04-30T19:13:38.000000,2026-04-30T19:13:38.000000
1026,1,4,1,1-3,2026-05-01,2026-05-01T18:51:38.000000,2026-05-01T18:51:38.000000
1027,2,4,1,2-2,2026-05-01,2026-05-01T07:01:38.000000,2026-05-01T07:01:38.000000
1028,3,4,1,3-3,2026-05-01,2026-05-01T06:47:18.000000,2026-05-01T06:47:18.000000
1029,4,4,1,4-8,2026-05-01,2026-05-01T20:18:23.000000,2026-05-01T20:18:23.000000
1030,5,4,1,5-2,2026-05-01,2026-05-01T07:04:12.000000,2026-05-01T07:04:12.000000
1031,7,2,1,7-12,2026-05-01,2026-05-01T09:09:18.000000,2026-05-01T09:09:18.000000
1032,8,3,1,8-10,2026-05-01,2026-05-01T20:36:52.000000,2026-05-01T20:36:52.000000
1033,9,4,1,9-4,2026-05-01,2026-05-01T07:27:30.000000,2026-05-01T07:27:30.000000
1034,11,1,1,11-15,2026-05-01,2026-05-01T08:23:28.000000,2026-05-01T08:23:28.000000
1035,12,3,1,12-6,2026-05-01,2026-05-01T18:25:43.000000,2026-05-01T18:25:43.000000
1036,14,4,1,14-2,2026-05-01,2026-05-01T07:01:33.000000,2026-05-01T07:01:33.000000
1037,16,4,1,16-4,2026-05-01,2026-05-01T17:22:09.000000,2026-05-01T17:22:09.000000
1038,18,3,1,18-17,2026-05-01,2026-05-01T08:31:32.000000,2026-05-01T08:31:32.000000
1039,19,3,1,19-5,2026-05-01,2026-05-01T09:58:09.000000,2026-05-01T09:58:09.000000
1040,20,4,1,20-2,2026-05-01,2026-05-01T06:42:53.000000,2026-05-01T06:42:53.000000
1041,22,3,1,22-3,2026-05-01,2026-05-01T20:39:22.000000,2026-05-01T20:39:22.000000
1042,25,3,1,25-3,2026-05-01,2026-05-01T07:24:39.000000,2026-05-01T07:24:39.000000
1043,28,4,1,28-2,2026-05-01,2026-05-01T06:38:55.000000,2026-05-01T06:38:55.000000
1044,30,1,1,30-7,2026-05-01,2026-05-01T19:53:38.000000,2026-05-01T19:53:38.000000
1045,31,3,1,31-2,2026-05-01,2026-05-01T20:43:00.000000,2026-05-01T20:43:00.000000
1046,34,4,1,34-2,2026-05-01,2026-05-01T20:07:04.000000,2026-05-01T20:07:04.000000
1047,35,2,1,35-2,2026-05-01,2026-05-01T10:36:14.000000,2026-05-01T10:36:14.000000
1048,37,1,1,37-1,2026-05-01,2026-05-01T07:00:14.000000,2026-05-01T07:00:14.000000
1049,1,4,1,1-3,2026-05-02,2026-05-02T17:22:36.000000,2026-05-02T17:22:36.000000
1050,3,4,1,3-3,2026-05-02,2026-05-02T06:30:39.000000,2026-05-02T06:30:39.000000
1051,4,4,1,4-8,2026-05-02,2026-05-02T20:42:57.000000,2026-05-02T20:42:57.000000
1052,5,4,1,5-2,2026-05-02,2026-05-02T07:02:08.000000,2026-05-02T07:02:08.000000
1053,6,1,1,6-11,2026-05-02,2026-05-02T13:57:50.000000,2026-05-02T13:57:50.000000
1054,7,2,1,7-12,2026-05-02,2026-05-02T14:02:50.000000,2026-05-02T14:02:50.000000
1055,11,2,1,11-16,2026-05-02,2026-05-02T08:16:38.000000,2026-05-02T08:16:38.000000
1056,12,3,1,12-6,2026-05-02,2026-05-02T19:56:15.000000,2026-05-02T19:56:15.000000
1057,13,4,1,13-3,2026-05-02,2026-05-02T06:19:36.000000,2026-05-02T06:19:36.000000
1058,16,4,1,16-4,2026-05-02,2026-05-02T20:45:39.000000,2026-05-02T20:45:39.000000
1059,19,3,1,19-5,2026-05-02,2026-05-02T12:57:18.000000,2026-05-02T12:57:18.000000
1060,20,4,1,20-2,2026-05-02,2026-05-02T06:43:29.000000,2026-05-02T06:43:29.000000
1061,24,1,1,24-6,2026-05-02,2026-05-02T06:59:36.000000,2026-05-02T06:59:36.000000
1062,25,3,1,25-3,2026-05-02,2026-05-02T06:55:18.000000,2026-05-02T06:55:18.000000
1063,26,2,1,26-4,2026-05-02,2026-05-02T20:09:41.000000,2026-05-02T20:09:41.000000
1064,27,4,1,27-2,2026-05-02,2026-05-02T06:31:04.000000,2026-05-02T06:31:04.000000
1065,28,4,1,28-2,2026-05-02,2026-05-02T06:11:34.000000,2026-05-02T06:11:34.000000
1066,31,4,1,31-3,2026-05-02,2026-05-02T20:09:36.000000,2026-05-02T20:09:36.000000
1067,33,2,1,33-2,2026-05-02,2026-05-02T12:58:51.000000,2026-05-02T12:58:51.000000
1068,35,1,1,35-3,2026-05-02,2026-05-02T06:33:18.000000,2026-05-02T06:33:18.000000
1069,36,3,1,36-3,2026-05-02,2026-05-02T20:33:05.000000,2026-05-02T20:33:05.000000
1070,37,4,1,37-2,2026-05-02,2026-05-02T06:16:03.000000,2026-05-02T06:16:03.000000
1071,38,1,1,38-1,2026-05-03,2026-05-03T06:25:10.000000,2026-05-03T06:25:10.000000
1072,3,4,1,3-3,2026-05-04,2026-05-04T07:10:33.000000,2026-05-04T07:10:33.000000
1073,5,4,1,5-2,2026-05-04,2026-05-04T07:16:53.000000,2026-05-04T07:16:53.000000
1074,7,2,1,7-12,2026-05-04,2026-05-04T06:33:09.000000,2026-05-04T06:33:09.000000
1075,10,3,1,10-16,2026-05-04,2026-05-04T20:32:07.000000,2026-05-04T20:32:07.000000
1076,11,2,1,11-16,2026-05-04,2026-05-04T07:33:57.000000,2026-05-04T07:33:57.000000
1077,13,4,1,13-3,2026-05-04,2026-05-04T06:19:03.000000,2026-05-04T06:19:03.000000
1078,14,4,1,14-2,2026-05-04,2026-05-04T07:36:16.000000,2026-05-04T07:36:16.000000
1079,17,4,1,17-3,2026-05-04,2026-05-04T20:39:01.000000,2026-05-04T20:39:01.000000
1080,19,3,1,19-5,2026-05-04,2026-05-04T12:45:25.000000,2026-05-04T12:45:25.000000
1081,20,4,1,20-2,2026-05-04,2026-05-04T07:44:34.000000,2026-05-04T07:44:34.000000
1082,21,2,1,21-7,2026-05-04,2026-05-04T13:17:36.000000,2026-05-04T13:17:36.000000
1083,28,4,1,28-2,2026-05-04,2026-05-04T06:02:21.000000,2026-05-04T06:02:21.000000
1084,29,3,1,29-3,2026-05-04,2026-05-04T20:46:06.000000,2026-05-04T20:46:06.000000
1085,33,2,1,33-2,2026-05-04,2026-05-04T14:34:57.000000,2026-05-04T14:34:57.000000
1086,34,4,1,34-2,2026-05-04,2026-05-04T19:31:11.000000,2026-05-04T19:31:11.000000
1087,35,2,1,35-3,2026-05-04,2026-05-04T09:56:03.000000,2026-05-04T09:56:03.000000
1088,38,3,1,38-2,2026-05-04,2026-05-04T06:03:57.000000,2026-05-04T06:03:57.000000
1089,1,4,1,1-3,2026-05-05,2026-05-05T19:42:11.000000,2026-05-05T19:42:11.000000
1090,2,4,1,2-2,2026-05-05,2026-05-05T06:56:20.000000,2026-05-05T06:56:20.000000
1091,3,4,1,3-3,2026-05-05,2026-05-05T07:23:34.000000,2026-05-05T07:23:34.000000
1092,6,1,1,6-12,2026-05-05,2026-05-05T15:30:51.000000,2026-05-05T15:30:51.000000
1093,7,2,1,7-12,2026-05-05,2026-05-05T13:37:23.000000,2026-05-05T13:37:23.000000
1094,9,4,1,9-4,2026-05-05,2026-05-05T06:33:17.000000,2026-05-05T06:33:17.000000
1095,11,2,1,11-16,2026-05-05,2026-05-05T09:30:58.000000,2026-05-05T09:30:58.000000
1096,15,4,1,15-5,2026-05-05,2026-05-05T18:31:14.000000,2026-05-05T18:31:14.000000
1097,17,4,1,17-3,2026-05-05,2026-05-05T18:23:42.000000,2026-05-05T18:23:42.000000
1098,18,3,1,18-17,2026-05-05,2026-05-05T10:25:10.000000,2026-05-05T10:25:10.000000
1099,21,2,1,21-7,2026-05-05,2026-05-05T13:22:18.000000,2026-05-05T13:22:18.000000
1100,25,3,1,25-3,2026-05-05,2026-05-05T06:43:27.000000,2026-05-05T06:43:27.000000
1101,26,2,1,26-4,2026-05-05,2026-05-05T17:39:22.000000,2026-05-05T17:39:22.000000
1102,29,3,1,29-3,2026-05-05,2026-05-05T18:43:39.000000,2026-05-05T18:43:39.000000
1103,30,1,1,30-8,2026-05-05,2026-05-05T15:39:47.000000,2026-05-05T15:39:47.000000
1104,31,4,1,31-3,2026-05-05,2026-05-05T18:22:00.000000,2026-05-05T18:22:00.000000
1105,33,3,1,33-3,2026-05-05,2026-05-05T11:38:11.000000,2026-05-05T11:38:11.000000
1106,34,4,1,34-2,2026-05-05,2026-05-05T18:15:35.000000,2026-05-05T18:15:35.000000
1107,36,3,1,36-3,2026-05-05,2026-05-05T17:47:16.000000,2026-05-05T17:47:16.000000
1108,37,4,1,37-2,2026-05-05,2026-05-05T06:26:56.000000,2026-05-05T06:26:56.000000
1109,38,3,1,38-2,2026-05-05,2026-05-05T07:07:28.000000,2026-05-05T07:07:28.000000
1110,39,1,1,39-1,2026-05-05,2026-05-05T19:39:54.000000,2026-05-05T19:39:54.000000
1111,1,4,1,1-3,2026-05-06,2026-05-06T18:32:31.000000,2026-05-06T18:32:31.000000
1112,3,4,1,3-3,2026-05-06,2026-05-06T06:05:26.000000,2026-05-06T06:05:26.000000
1113,9,4,1,9-4,2026-05-06,2026-05-06T06:59:18.000000,2026-05-06T06:59:18.000000
1114,20,4,1,20-2,2026-05-06,2026-05-06T06:28:20.000000,2026-05-06T06:28:20.000000
1115,22,2,1,22-4,2026-05-06,2026-05-06T15:46:37.000000,2026-05-06T15:46:37.000000
1116,25,3,1,25-3,2026-05-06,2026-05-06T08:13:17.000000,2026-05-06T08:13:17.000000
1117,28,4,1,28-2,2026-05-06,2026-05-06T06:46:02.000000,2026-05-06T06:46:02.000000
1118,29,3,1,29-3,2026-05-06,2026-05-06T19:20:06.000000,2026-05-06T19:20:06.000000
1119,30,1,1,30-9,2026-05-06,2026-05-06T17:21:24.000000,2026-05-06T17:21:24.000000
1120,31,4,1,31-3,2026-05-06,2026-05-06T20:55:01.000000,2026-05-06T20:55:01.000000
1121,32,3,1,32-2,2026-05-06,2026-05-06T18:32:17.000000,2026-05-06T18:32:17.000000
1122,33,3,1,33-3,2026-05-06,2026-05-06T11:23:09.000000,2026-05-06T11:23:09.000000
1123,36,3,1,36-3,2026-05-06,2026-05-06T20:42:38.000000,2026-05-06T20:42:38.000000
1124,37,4,1,37-2,2026-05-06,2026-05-06T07:09:05.000000,2026-05-06T07:09:05.000000
1125,38,3,1,38-2,2026-05-06,2026-05-06T07:05:09.000000,2026-05-06T07:05:09.000000
1126,39,3,1,39-2,2026-05-06,2026-05-06T18:31:24.000000,2026-05-06T18:31:24.000000
1127,2,4,1,2-2,2026-05-07,2026-05-07T06:19:36.000000,2026-05-07T06:19:36.000000
1128,4,4,1,4-8,2026-05-07,2026-05-07T19:23:48.000000,2026-05-07T19:23:48.000000
1129,5,4,1,5-2,2026-05-07,2026-05-07T06:09:36.000000,2026-05-07T06:09:36.000000
1130,8,3,1,8-10,2026-05-07,2026-05-07T20:34:37.000000,2026-05-07T20:34:37.000000
1131,9,4,1,9-4,2026-05-07,2026-05-07T06:12:31.000000,2026-05-07T06:12:31.000000
1132,10,3,1,10-16,2026-05-07,2026-05-07T15:35:27.000000,2026-05-07T15:35:27.000000
1133,11,2,1,11-16,2026-05-07,2026-05-07T06:26:22.000000,2026-05-07T06:26:22.000000
1134,12,3,1,12-6,2026-05-07,2026-05-07T18:10:20.000000,2026-05-07T18:10:20.000000
1135,13,4,1,13-3,2026-05-07,2026-05-07T07:11:48.000000,2026-05-07T07:11:48.000000
1136,14,4,1,14-2,2026-05-07,2026-05-07T07:10:18.000000,2026-05-07T07:10:18.000000
1137,15,4,1,15-5,2026-05-07,2026-05-07T18:31:51.000000,2026-05-07T18:31:51.000000
1138,16,4,1,16-4,2026-05-07,2026-05-07T20:27:13.000000,2026-05-07T20:27:13.000000
1139,19,3,1,19-5,2026-05-07,2026-05-07T14:48:45.000000,2026-05-07T14:48:45.000000
1140,21,2,1,21-7,2026-05-07,2026-05-07T12:20:11.000000,2026-05-07T12:20:11.000000
1141,22,2,1,22-4,2026-05-07,2026-05-07T16:17:17.000000,2026-05-07T16:17:17.000000
1142,23,1,1,23-8,2026-05-07,2026-05-07T14:08:01.000000,2026-05-07T14:08:01.000000
1143,25,3,1,25-3,2026-05-07,2026-05-07T08:09:21.000000,2026-05-07T08:09:21.000000
1144,26,2,1,26-4,2026-05-07,2026-05-07T19:47:45.000000,2026-05-07T19:47:45.000000
1145,31,4,1,31-3,2026-05-07,2026-05-07T18:28:43.000000,2026-05-07T18:28:43.000000
1146,32,3,1,32-2,2026-05-07,2026-05-07T20:21:06.000000,2026-05-07T20:21:06.000000
1147,33,3,1,33-3,2026-05-07,2026-05-07T12:02:20.000000,2026-05-07T12:02:20.000000
1148,34,4,1,34-2,2026-05-07,2026-05-07T20:15:33.000000,2026-05-07T20:15:33.000000
1149,35,2,1,35-3,2026-05-07,2026-05-07T07:35:57.000000,2026-05-07T07:35:57.000000
1150,38,3,1,38-2,2026-05-07,2026-05-07T08:00:02.000000,2026-05-07T08:00:02.000000
1151,39,3,1,39-2,2026-05-07,2026-05-07T20:20:35.000000,2026-05-07T20:20:35.000000
1152,1,4,1,1-3,2026-05-08,2026-05-08T19:33:12.000000,2026-05-08T19:33:12.000000
1153,2,4,1,2-2,2026-05-08,2026-05-08T06:22:00.000000,2026-05-08T06:22:00.000000
1154,3,4,1,3-3,2026-05-08,2026-05-08T06:02:04.000000,2026-05-08T06:02:04.000000
1155,4,4,1,4-8,2026-05-08,2026-05-08T20:30:56.000000,2026-05-08T20:30:56.000000
1156,5,4,1,5-2,2026-05-08,2026-05-08T06:40:45.000000,2026-05-08T06:40:45.000000
1157,8,3,1,8-10,2026-05-08,2026-05-08T20:03:43.000000,2026-05-08T20:03:43.000000
1158,9,4,1,9-4,2026-05-08,2026-05-08T07:04:26.000000,2026-05-08T07:04:26.000000
1159,12,3,1,12-6,2026-05-08,2026-05-08T18:07:17.000000,2026-05-08T18:07:17.000000
1160,16,4,1,16-4,2026-05-08,2026-05-08T20:47:55.000000,2026-05-08T20:47:55.000000
1161,25,3,1,25-3,2026-05-08,2026-05-08T06:38:26.000000,2026-05-08T06:38:26.000000
1162,26,2,1,26-4,2026-05-08,2026-05-08T18:28:28.000000,2026-05-08T18:28:28.000000
1163,27,4,1,27-2,2026-05-08,2026-05-08T06:27:43.000000,2026-05-08T06:27:43.000000
1164,28,4,1,28-2,2026-05-08,2026-05-08T06:11:27.000000,2026-05-08T06:11:27.000000
1165,29,3,1,29-3,2026-05-08,2026-05-08T19:27:00.000000,2026-05-08T19:27:00.000000
1166,31,4,1,31-3,2026-05-08,2026-05-08T17:19:56.000000,2026-05-08T17:19:56.000000
1167,32,3,1,32-2,2026-05-08,2026-05-08T18:09:48.000000,2026-05-08T18:09:48.000000
1168,36,3,1,36-3,2026-05-08,2026-05-08T20:17:46.000000,2026-05-08T20:17:46.000000
1169,37,4,1,37-2,2026-05-08,2026-05-08T07:42:16.000000,2026-05-08T07:42:16.000000
1170,39,3,1,39-2,2026-05-08,2026-05-08T18:54:27.000000,2026-05-08T18:54:27.000000
1171,1,4,1,1-3,2026-05-09,2026-05-09T17:47:21.000000,2026-05-09T17:47:21.000000
1172,2,4,1,2-2,2026-05-09,2026-05-09T07:57:07.000000,2026-05-09T07:57:07.000000
1173,3,4,1,3-3,2026-05-09,2026-05-09T06:29:42.000000,2026-05-09T06:29:42.000000
1174,6,1,1,6-13,2026-05-09,2026-05-09T19:48:21.000000,2026-05-09T19:48:21.000000
1175,7,1,1,7-13,2026-05-09,2026-05-09T12:03:31.000000,2026-05-09T12:03:31.000000
1176,8,3,1,8-10,2026-05-09,2026-05-09T15:51:41.000000,2026-05-09T15:51:41.000000
1177,9,4,1,9-4,2026-05-09,2026-05-09T07:40:51.000000,2026-05-09T07:40:51.000000
1178,10,3,1,10-16,2026-05-09,2026-05-09T15:32:30.000000,2026-05-09T15:32:30.000000
1179,11,2,1,11-16,2026-05-09,2026-05-09T09:08:58.000000,2026-05-09T09:08:58.000000
1180,12,3,1,12-6,2026-05-09,2026-05-09T19:17:16.000000,2026-05-09T19:17:16.000000
1181,13,4,1,13-3,2026-05-09,2026-05-09T06:43:57.000000,2026-05-09T06:43:57.000000
1182,18,3,1,18-17,2026-05-09,2026-05-09T09:54:05.000000,2026-05-09T09:54:05.000000
1183,19,3,1,19-5,2026-05-09,2026-05-09T13:37:22.000000,2026-05-09T13:37:22.000000
1184,20,4,1,20-2,2026-05-09,2026-05-09T07:51:05.000000,2026-05-09T07:51:05.000000
1185,21,2,1,21-7,2026-05-09,2026-05-09T11:17:50.000000,2026-05-09T11:17:50.000000
1186,22,2,1,22-4,2026-05-09,2026-05-09T20:19:12.000000,2026-05-09T20:19:12.000000
1187,23,1,1,23-9,2026-05-09,2026-05-09T11:02:29.000000,2026-05-09T11:02:29.000000
1188,24,1,1,24-7,2026-05-09,2026-05-09T08:21:47.000000,2026-05-09T08:21:47.000000
1189,25,3,1,25-3,2026-05-09,2026-05-09T06:12:55.000000,2026-05-09T06:12:55.000000
1190,27,4,1,27-2,2026-05-09,2026-05-09T07:30:46.000000,2026-05-09T07:30:46.000000
1191,28,4,1,28-2,2026-05-09,2026-05-09T06:03:41.000000,2026-05-09T06:03:41.000000
1192,29,3,1,29-3,2026-05-09,2026-05-09T16:45:29.000000,2026-05-09T16:45:29.000000
1193,31,4,1,31-3,2026-05-09,2026-05-09T20:33:57.000000,2026-05-09T20:33:57.000000
1194,32,3,1,32-2,2026-05-09,2026-05-09T18:30:53.000000,2026-05-09T18:30:53.000000
1195,34,4,1,34-2,2026-05-09,2026-05-09T19:18:37.000000,2026-05-09T19:18:37.000000
1196,36,3,1,36-3,2026-05-09,2026-05-09T19:25:05.000000,2026-05-09T19:25:05.000000
1197,37,4,1,37-2,2026-05-09,2026-05-09T07:10:07.000000,2026-05-09T07:10:07.000000
1198,38,3,1,38-2,2026-05-09,2026-05-09T07:06:54.000000,2026-05-09T07:06:54.000000
1199,40,1,1,40-1,2026-05-10,2026-05-10T07:01:47.000000,2026-05-10T07:01:47.000000
1200,1,4,1,1-3,2026-05-11,2026-05-11T17:08:56.000000,2026-05-11T17:08:56.000000
1201,2,4,1,2-2,2026-05-11,2026-05-11T06:00:30.000000,2026-05-11T06:00:30.000000
1202,5,4,1,5-2,2026-05-11,2026-05-11T06:14:41.000000,2026-05-11T06:14:41.000000
1203,7,2,1,7-13,2026-05-11,2026-05-11T10:00:26.000000,2026-05-11T10:00:26.000000
1204,12,3,1,12-7,2026-05-11,2026-05-11T19:59:22.000000,2026-05-11T19:59:22.000000
1205,13,4,1,13-3,2026-05-11,2026-05-11T06:48:34.000000,2026-05-11T06:48:34.000000
1206,14,4,1,14-2,2026-05-11,2026-05-11T06:35:07.000000,2026-05-11T06:35:07.000000
1207,15,4,1,15-5,2026-05-11,2026-05-11T19:45:58.000000,2026-05-11T19:45:58.000000
1208,18,3,1,18-17,2026-05-11,2026-05-11T09:07:12.000000,2026-05-11T09:07:12.000000
1209,20,4,1,20-2,2026-05-11,2026-05-11T07:41:13.000000,2026-05-11T07:41:13.000000
1210,26,3,1,26-5,2026-05-11,2026-05-11T18:46:49.000000,2026-05-11T18:46:49.000000
1211,27,4,1,27-2,2026-05-11,2026-05-11T07:35:49.000000,2026-05-11T07:35:49.000000
1212,28,4,1,28-2,2026-05-11,2026-05-11T08:03:39.000000,2026-05-11T08:03:39.000000
1213,29,3,1,29-3,2026-05-11,2026-05-11T19:57:19.000000,2026-05-11T19:57:19.000000
1214,34,4,1,34-2,2026-05-11,2026-05-11T19:04:55.000000,2026-05-11T19:04:55.000000
1215,36,3,1,36-3,2026-05-11,2026-05-11T19:59:48.000000,2026-05-11T19:59:48.000000
1216,37,4,1,37-2,2026-05-11,2026-05-11T06:51:43.000000,2026-05-11T06:51:43.000000
1217,38,3,1,38-2,2026-05-11,2026-05-11T07:26:46.000000,2026-05-11T07:26:46.000000
1218,39,3,1,39-2,2026-05-11,2026-05-11T19:25:34.000000,2026-05-11T19:25:34.000000
1219,40,3,1,40-2,2026-05-11,2026-05-11T06:46:29.000000,2026-05-11T06:46:29.000000
1220,41,1,1,41-1,2026-05-11,2026-05-11T16:26:41.000000,2026-05-11T16:26:41.000000
1221,1,4,1,1-3,2026-05-12,2026-05-12T19:52:09.000000,2026-05-12T19:52:09.000000
1222,2,4,1,2-2,2026-05-12,2026-05-12T06:25:05.000000,2026-05-12T06:25:05.000000
1223,3,4,1,3-3,2026-05-12,2026-05-12T06:50:35.000000,2026-05-12T06:50:35.000000
1224,4,4,1,4-8,2026-05-12,2026-05-12T19:44:46.000000,2026-05-12T19:44:46.000000
1225,5,4,1,5-2,2026-05-12,2026-05-12T06:04:38.000000,2026-05-12T06:04:38.000000
1226,9,4,1,9-4,2026-05-12,2026-05-12T06:26:34.000000,2026-05-12T06:26:34.000000
1227,11,1,1,11-17,2026-05-12,2026-05-12T08:45:06.000000,2026-05-12T08:45:06.000000
1228,12,3,1,12-7,2026-05-12,2026-05-12T20:00:20.000000,2026-05-12T20:00:20.000000
1229,15,4,1,15-5,2026-05-12,2026-05-12T18:33:19.000000,2026-05-12T18:33:19.000000
1230,17,4,1,17-3,2026-05-12,2026-05-12T18:40:43.000000,2026-05-12T18:40:43.000000
1231,19,3,1,19-5,2026-05-12,2026-05-12T13:57:02.000000,2026-05-12T13:57:02.000000
1232,21,2,1,21-8,2026-05-12,2026-05-12T14:18:20.000000,2026-05-12T14:18:20.000000
1233,26,3,1,26-5,2026-05-12,2026-05-12T20:51:11.000000,2026-05-12T20:51:11.000000
1234,27,4,1,27-2,2026-05-12,2026-05-12T06:48:33.000000,2026-05-12T06:48:33.000000
1235,29,3,1,29-3,2026-05-12,2026-05-12T19:13:47.000000,2026-05-12T19:13:47.000000
1236,32,3,1,32-2,2026-05-12,2026-05-12T18:53:39.000000,2026-05-12T18:53:39.000000
1237,33,3,1,33-3,2026-05-12,2026-05-12T12:06:31.000000,2026-05-12T12:06:31.000000
1238,35,2,1,35-3,2026-05-12,2026-05-12T08:02:51.000000,2026-05-12T08:02:51.000000
1239,36,3,1,36-3,2026-05-12,2026-05-12T19:00:31.000000,2026-05-12T19:00:31.000000
1240,37,4,1,37-2,2026-05-12,2026-05-12T06:34:52.000000,2026-05-12T06:34:52.000000
1241,39,3,1,39-2,2026-05-12,2026-05-12T20:37:39.000000,2026-05-12T20:37:39.000000
1242,40,3,1,40-2,2026-05-12,2026-05-12T06:16:49.000000,2026-05-12T06:16:49.000000
1243,1,4,1,1-3,2026-05-13,2026-05-13T19:35:26.000000,2026-05-13T19:35:26.000000
1244,2,4,1,2-2,2026-05-13,2026-05-13T06:02:55.000000,2026-05-13T06:02:55.000000
1245,3,4,1,3-3,2026-05-13,2026-05-13T06:50:10.000000,2026-05-13T06:50:10.000000
1246,4,4,1,4-8,2026-05-13,2026-05-13T13:56:45.000000,2026-05-13T13:56:45.000000
1247,5,4,1,5-2,2026-05-13,2026-05-13T06:28:57.000000,2026-05-13T06:28:57.000000
1248,9,4,1,9-4,2026-05-13,2026-05-13T07:07:10.000000,2026-05-13T07:07:10.000000
1249,11,2,1,11-17,2026-05-13,2026-05-13T08:11:04.000000,2026-05-13T08:11:04.000000
1250,12,3,1,12-7,2026-05-13,2026-05-13T19:28:14.000000,2026-05-13T19:28:14.000000
1251,13,4,1,13-3,2026-05-13,2026-05-13T08:13:35.000000,2026-05-13T08:13:35.000000
1252,14,4,1,14-2,2026-05-13,2026-05-13T06:30:00.000000,2026-05-13T06:30:00.000000
1253,15,4,1,15-5,2026-05-13,2026-05-13T18:21:34.000000,2026-05-13T18:21:34.000000
1254,16,4,1,16-4,2026-05-13,2026-05-13T19:19:16.000000,2026-05-13T19:19:16.000000
1255,17,4,1,17-3,2026-05-13,2026-05-13T19:24:01.000000,2026-05-13T19:24:01.000000
1256,18,3,1,18-17,2026-05-13,2026-05-13T10:02:52.000000,2026-05-13T10:02:52.000000
1257,20,4,1,20-2,2026-05-13,2026-05-13T07:07:26.000000,2026-05-13T07:07:26.000000
1258,22,2,1,22-4,2026-05-13,2026-05-13T18:48:02.000000,2026-05-13T18:48:02.000000
1259,27,4,1,27-2,2026-05-13,2026-05-13T06:03:18.000000,2026-05-13T06:03:18.000000
1260,29,3,1,29-3,2026-05-13,2026-05-13T19:51:39.000000,2026-05-13T19:51:39.000000
1261,31,4,1,31-3,2026-05-13,2026-05-13T19:32:03.000000,2026-05-13T19:32:03.000000
1262,32,3,1,32-2,2026-05-13,2026-05-13T18:38:34.000000,2026-05-13T18:38:34.000000
1263,33,3,1,33-3,2026-05-13,2026-05-13T13:01:46.000000,2026-05-13T13:01:46.000000
1264,34,4,1,34-2,2026-05-13,2026-05-13T20:15:21.000000,2026-05-13T20:15:21.000000
1265,36,3,1,36-3,2026-05-13,2026-05-13T19:01:07.000000,2026-05-13T19:01:07.000000
1266,37,4,1,37-2,2026-05-13,2026-05-13T07:07:02.000000,2026-05-13T07:07:02.000000
1267,38,3,1,38-2,2026-05-13,2026-05-13T07:20:16.000000,2026-05-13T07:20:16.000000
1268,40,3,1,40-2,2026-05-13,2026-05-13T06:06:32.000000,2026-05-13T06:06:32.000000
1269,41,1,1,41-2,2026-05-13,2026-05-13T16:08:48.000000,2026-05-13T16:08:48.000000
1270,1,4,1,1-3,2026-05-14,2026-05-14T20:58:57.000000,2026-05-14T20:58:57.000000
1271,2,4,1,2-2,2026-05-14,2026-05-14T06:28:26.000000,2026-05-14T06:28:26.000000
1272,3,4,1,3-3,2026-05-14,2026-05-14T06:42:15.000000,2026-05-14T06:42:15.000000
1273,4,4,1,4-8,2026-05-14,2026-05-14T20:03:25.000000,2026-05-14T20:03:25.000000
1274,5,4,1,5-2,2026-05-14,2026-05-14T07:39:09.000000,2026-05-14T07:39:09.000000
1275,8,3,1,8-10,2026-05-14,2026-05-14T18:41:19.000000,2026-05-14T18:41:19.000000
1276,9,4,1,9-4,2026-05-14,2026-05-14T06:49:25.000000,2026-05-14T06:49:25.000000
1277,11,2,1,11-17,2026-05-14,2026-05-14T09:44:12.000000,2026-05-14T09:44:12.000000
1278,12,3,1,12-7,2026-05-14,2026-05-14T19:50:55.000000,2026-05-14T19:50:55.000000
1279,13,4,1,13-3,2026-05-14,2026-05-14T06:41:31.000000,2026-05-14T06:41:31.000000
1280,15,4,1,15-5,2026-05-14,2026-05-14T19:43:26.000000,2026-05-14T19:43:26.000000
1281,16,4,1,16-4,2026-05-14,2026-05-14T19:43:47.000000,2026-05-14T19:43:47.000000
1282,17,4,1,17-3,2026-05-14,2026-05-14T20:48:21.000000,2026-05-14T20:48:21.000000
1283,19,3,1,19-5,2026-05-14,2026-05-14T13:05:16.000000,2026-05-14T13:05:16.000000
1284,20,4,1,20-2,2026-05-14,2026-05-14T06:14:13.000000,2026-05-14T06:14:13.000000
1285,22,2,1,22-4,2026-05-14,2026-05-14T19:54:32.000000,2026-05-14T19:54:32.000000
1286,25,3,1,25-3,2026-05-14,2026-05-14T06:51:26.000000,2026-05-14T06:51:26.000000
1287,26,3,1,26-5,2026-05-14,2026-05-14T16:36:38.000000,2026-05-14T16:36:38.000000
1288,29,3,1,29-3,2026-05-14,2026-05-14T18:09:44.000000,2026-05-14T18:09:44.000000
1289,31,4,1,31-3,2026-05-14,2026-05-14T16:29:58.000000,2026-05-14T16:29:58.000000
1290,34,4,1,34-2,2026-05-14,2026-05-14T19:11:17.000000,2026-05-14T19:11:17.000000
1291,36,3,1,36-3,2026-05-14,2026-05-14T20:01:09.000000,2026-05-14T20:01:09.000000
1292,37,4,1,37-2,2026-05-14,2026-05-14T06:41:58.000000,2026-05-14T06:41:58.000000
1293,39,3,1,39-2,2026-05-14,2026-05-14T19:43:48.000000,2026-05-14T19:43:48.000000
1294,2,4,1,2-2,2026-05-15,2026-05-15T06:27:16.000000,2026-05-15T06:27:16.000000
1295,3,4,1,3-3,2026-05-15,2026-05-15T06:44:55.000000,2026-05-15T06:44:55.000000
1296,4,4,1,4-8,2026-05-15,2026-05-15T19:36:20.000000,2026-05-15T19:36:20.000000
1297,5,4,1,5-2,2026-05-15,2026-05-15T06:18:42.000000,2026-05-15T06:18:42.000000
1298,7,2,1,7-13,2026-05-15,2026-05-15T06:33:53.000000,2026-05-15T06:33:53.000000
1299,8,3,1,8-10,2026-05-15,2026-05-15T20:02:09.000000,2026-05-15T20:02:09.000000
1300,9,4,1,9-4,2026-05-15,2026-05-15T06:18:16.000000,2026-05-15T06:18:16.000000
1301,13,4,1,13-3,2026-05-15,2026-05-15T06:47:19.000000,2026-05-15T06:47:19.000000
1302,14,4,1,14-2,2026-05-15,2026-05-15T07:18:30.000000,2026-05-15T07:18:30.000000
1303,17,4,1,17-3,2026-05-15,2026-05-15T19:12:43.000000,2026-05-15T19:12:43.000000
1304,20,4,1,20-2,2026-05-15,2026-05-15T06:09:08.000000,2026-05-15T06:09:08.000000
1305,25,3,1,25-3,2026-05-15,2026-05-15T06:54:30.000000,2026-05-15T06:54:30.000000
1306,28,4,1,28-2,2026-05-15,2026-05-15T06:42:16.000000,2026-05-15T06:42:16.000000
1307,29,3,1,29-3,2026-05-15,2026-05-15T18:27:00.000000,2026-05-15T18:27:00.000000
1308,36,3,1,36-3,2026-05-15,2026-05-15T19:40:31.000000,2026-05-15T19:40:31.000000
1309,37,4,1,37-2,2026-05-15,2026-05-15T06:34:40.000000,2026-05-15T06:34:40.000000
1310,38,3,1,38-2,2026-05-15,2026-05-15T06:30:42.000000,2026-05-15T06:30:42.000000
1311,40,3,1,40-2,2026-05-15,2026-05-15T06:36:03.000000,2026-05-15T06:36:03.000000
1312,41,3,1,41-3,2026-05-15,2026-05-15T09:43:36.000000,2026-05-15T09:43:36.000000
1313,2,4,1,2-2,2026-05-16,2026-05-16T06:13:17.000000,2026-05-16T06:13:17.000000
1314,3,4,1,3-3,2026-05-16,2026-05-16T06:30:04.000000,2026-05-16T06:30:04.000000
1315,9,4,1,9-4,2026-05-16,2026-05-16T06:09:35.000000,2026-05-16T06:09:35.000000
1316,12,3,1,12-7,2026-05-16,2026-05-16T18:29:49.000000,2026-05-16T18:29:49.000000
1317,13,4,1,13-3,2026-05-16,2026-05-16T06:05:56.000000,2026-05-16T06:05:56.000000
1318,14,4,1,14-2,2026-05-16,2026-05-16T06:45:06.000000,2026-05-16T06:45:06.000000
1319,17,4,1,17-3,2026-05-16,2026-05-16T18:47:26.000000,2026-05-16T18:47:26.000000
1320,18,3,1,18-17,2026-05-16,2026-05-16T09:29:31.000000,2026-05-16T09:29:31.000000
1321,19,3,1,19-5,2026-05-16,2026-05-16T14:11:37.000000,2026-05-16T14:11:37.000000
1322,20,4,1,20-2,2026-05-16,2026-05-16T06:49:21.000000,2026-05-16T06:49:21.000000
1323,21,2,1,21-8,2026-05-16,2026-05-16T13:08:41.000000,2026-05-16T13:08:41.000000
1324,22,1,1,22-5,2026-05-16,2026-05-16T20:14:37.000000,2026-05-16T20:14:37.000000
1325,25,4,1,25-4,2026-05-16,2026-05-16T06:32:58.000000,2026-05-16T06:32:58.000000
1326,26,3,1,26-5,2026-05-16,2026-05-16T18:54:41.000000,2026-05-16T18:54:41.000000
1327,27,4,1,27-2,2026-05-16,2026-05-16T06:15:03.000000,2026-05-16T06:15:03.000000
1328,28,4,1,28-2,2026-05-16,2026-05-16T06:02:24.000000,2026-05-16T06:02:24.000000
1329,29,3,1,29-3,2026-05-16,2026-05-16T18:47:51.000000,2026-05-16T18:47:51.000000
1330,30,1,1,30-10,2026-05-16,2026-05-16T13:30:43.000000,2026-05-16T13:30:43.000000
1331,31,4,1,31-3,2026-05-16,2026-05-16T18:11:12.000000,2026-05-16T18:11:12.000000
1332,33,3,1,33-3,2026-05-16,2026-05-16T13:55:06.000000,2026-05-16T13:55:06.000000
1333,34,4,1,34-2,2026-05-16,2026-05-16T20:17:57.000000,2026-05-16T20:17:57.000000
1334,35,2,1,35-3,2026-05-16,2026-05-16T11:59:56.000000,2026-05-16T11:59:56.000000
1335,36,3,1,36-3,2026-05-16,2026-05-16T19:35:18.000000,2026-05-16T19:35:18.000000
1336,37,4,1,37-2,2026-05-16,2026-05-16T06:00:38.000000,2026-05-16T06:00:38.000000
1337,38,3,1,38-2,2026-05-16,2026-05-16T06:10:52.000000,2026-05-16T06:10:52.000000
1338,39,3,1,39-2,2026-05-16,2026-05-16T18:03:45.000000,2026-05-16T18:03:45.000000
1339,41,3,1,41-3,2026-05-16,2026-05-16T14:38:46.000000,2026-05-16T14:38:46.000000
1340,42,1,1,42-1,2026-05-17,2026-05-17T09:23:14.000000,2026-05-17T09:23:14.000000
1341,1,4,1,1-3,2026-05-18,2026-05-18T19:25:21.000000,2026-05-18T19:25:21.000000
1342,2,4,1,2-2,2026-05-18,2026-05-18T06:27:20.000000,2026-05-18T06:27:20.000000
1343,3,4,1,3-3,2026-05-18,2026-05-18T06:40:27.000000,2026-05-18T06:40:27.000000
1344,9,4,1,9-4,2026-05-18,2026-05-18T07:01:27.000000,2026-05-18T07:01:27.000000
1345,10,1,1,10-17,2026-05-18,2026-05-18T12:39:25.000000,2026-05-18T12:39:25.000000
1346,12,3,1,12-7,2026-05-18,2026-05-18T19:03:00.000000,2026-05-18T19:03:00.000000
1347,18,3,1,18-17,2026-05-18,2026-05-18T11:50:49.000000,2026-05-18T11:50:49.000000
1348,20,4,1,20-2,2026-05-18,2026-05-18T07:09:14.000000,2026-05-18T07:09:14.000000
1349,21,2,1,21-8,2026-05-18,2026-05-18T13:40:04.000000,2026-05-18T13:40:04.000000
1350,25,4,1,25-4,2026-05-18,2026-05-18T06:48:57.000000,2026-05-18T06:48:57.000000
1351,26,3,1,26-5,2026-05-18,2026-05-18T19:41:18.000000,2026-05-18T19:41:18.000000
1352,28,4,1,28-2,2026-05-18,2026-05-18T06:54:39.000000,2026-05-18T06:54:39.000000
1353,32,3,1,32-3,2026-05-18,2026-05-18T18:08:55.000000,2026-05-18T18:08:55.000000
1354,33,3,1,33-3,2026-05-18,2026-05-18T16:09:09.000000,2026-05-18T16:09:09.000000
1355,35,1,1,35-4,2026-05-18,2026-05-18T09:13:38.000000,2026-05-18T09:13:38.000000
1356,36,3,1,36-3,2026-05-18,2026-05-18T17:04:04.000000,2026-05-18T17:04:04.000000
1357,37,4,1,37-2,2026-05-18,2026-05-18T07:08:23.000000,2026-05-18T07:08:23.000000
1358,38,3,1,38-2,2026-05-18,2026-05-18T06:36:23.000000,2026-05-18T06:36:23.000000
1359,41,3,1,41-3,2026-05-18,2026-05-18T15:31:17.000000,2026-05-18T15:31:17.000000
1360,1,4,1,1-3,2026-05-19,2026-05-19T19:09:53.000000,2026-05-19T19:09:53.000000
1361,3,4,1,3-3,2026-05-19,2026-05-19T06:12:04.000000,2026-05-19T06:12:04.000000
1362,4,4,1,4-8,2026-05-19,2026-05-19T19:23:51.000000,2026-05-19T19:23:51.000000
1363,5,4,1,5-2,2026-05-19,2026-05-19T07:15:58.000000,2026-05-19T07:15:58.000000
1364,9,4,1,9-4,2026-05-19,2026-05-19T06:38:10.000000,2026-05-19T06:38:10.000000
1365,11,2,1,11-17,2026-05-19,2026-05-19T11:55:11.000000,2026-05-19T11:55:11.000000
1366,12,3,1,12-7,2026-05-19,2026-05-19T19:39:31.000000,2026-05-19T19:39:31.000000
1367,13,4,1,13-3,2026-05-19,2026-05-19T06:54:22.000000,2026-05-19T06:54:22.000000
1368,14,4,1,14-2,2026-05-19,2026-05-19T06:20:10.000000,2026-05-19T06:20:10.000000
1369,15,4,1,15-5,2026-05-19,2026-05-19T18:21:16.000000,2026-05-19T18:21:16.000000
1370,16,4,1,16-4,2026-05-19,2026-05-19T20:40:18.000000,2026-05-19T20:40:18.000000
1371,17,4,1,17-3,2026-05-19,2026-05-19T19:27:29.000000,2026-05-19T19:27:29.000000
1372,19,3,1,19-5,2026-05-19,2026-05-19T10:59:39.000000,2026-05-19T10:59:39.000000
1373,20,4,1,20-2,2026-05-19,2026-05-19T06:54:09.000000,2026-05-19T06:54:09.000000
1374,22,2,1,22-5,2026-05-19,2026-05-19T19:39:56.000000,2026-05-19T19:39:56.000000
1375,23,2,1,23-10,2026-05-19,2026-05-19T20:40:43.000000,2026-05-19T20:40:43.000000
1376,27,4,1,27-2,2026-05-19,2026-05-19T07:03:43.000000,2026-05-19T07:03:43.000000
1377,28,4,1,28-2,2026-05-19,2026-05-19T06:31:03.000000,2026-05-19T06:31:03.000000
1378,30,1,1,30-11,2026-05-19,2026-05-19T12:05:21.000000,2026-05-19T12:05:21.000000
1379,33,3,1,33-3,2026-05-19,2026-05-19T14:34:07.000000,2026-05-19T14:34:07.000000
1380,34,4,1,34-2,2026-05-19,2026-05-19T18:53:29.000000,2026-05-19T18:53:29.000000
1381,36,3,1,36-3,2026-05-19,2026-05-19T19:40:21.000000,2026-05-19T19:40:21.000000
1382,39,3,1,39-2,2026-05-19,2026-05-19T18:16:49.000000,2026-05-19T18:16:49.000000
1383,40,3,1,40-2,2026-05-19,2026-05-19T07:14:15.000000,2026-05-19T07:14:15.000000
1384,41,3,1,41-3,2026-05-19,2026-05-19T08:35:44.000000,2026-05-19T08:35:44.000000
1385,42,1,1,42-2,2026-05-19,2026-05-19T11:38:43.000000,2026-05-19T11:38:43.000000
1386,1,4,1,1-3,2026-05-20,2026-05-20T20:06:23.000000,2026-05-20T20:06:23.000000
1387,2,4,1,2-2,2026-05-20,2026-05-20T07:12:04.000000,2026-05-20T07:12:04.000000
1388,4,4,1,4-8,2026-05-20,2026-05-20T19:38:17.000000,2026-05-20T19:38:17.000000
1389,5,4,1,5-2,2026-05-20,2026-05-20T07:23:55.000000,2026-05-20T07:23:55.000000
1390,8,2,1,8-11,2026-05-20,2026-05-20T18:59:15.000000,2026-05-20T18:59:15.000000
1391,9,4,1,9-4,2026-05-20,2026-05-20T06:45:37.000000,2026-05-20T06:45:37.000000
1392,11,2,1,11-17,2026-05-20,2026-05-20T12:22:56.000000,2026-05-20T12:22:56.000000
1393,12,3,1,12-7,2026-05-20,2026-05-20T19:40:37.000000,2026-05-20T19:40:37.000000
1394,13,4,1,13-3,2026-05-20,2026-05-20T07:15:50.000000,2026-05-20T07:15:50.000000
1395,16,4,1,16-4,2026-05-20,2026-05-20T20:00:55.000000,2026-05-20T20:00:55.000000
1396,20,4,1,20-2,2026-05-20,2026-05-20T07:35:05.000000,2026-05-20T07:35:05.000000
1397,25,4,1,25-4,2026-05-20,2026-05-20T06:49:07.000000,2026-05-20T06:49:07.000000
1398,26,3,1,26-5,2026-05-20,2026-05-20T19:31:44.000000,2026-05-20T19:31:44.000000
1399,27,4,1,27-2,2026-05-20,2026-05-20T06:02:35.000000,2026-05-20T06:02:35.000000
1400,28,4,1,28-2,2026-05-20,2026-05-20T06:14:47.000000,2026-05-20T06:14:47.000000
1401,29,3,1,29-3,2026-05-20,2026-05-20T19:39:32.000000,2026-05-20T19:39:32.000000
1402,32,3,1,32-3,2026-05-20,2026-05-20T20:07:42.000000,2026-05-20T20:07:42.000000
1403,36,3,1,36-3,2026-05-20,2026-05-20T18:09:11.000000,2026-05-20T18:09:11.000000
1404,39,3,1,39-2,2026-05-20,2026-05-20T18:55:58.000000,2026-05-20T18:55:58.000000
1405,40,3,1,40-2,2026-05-20,2026-05-20T06:27:01.000000,2026-05-20T06:27:01.000000
1406,41,3,1,41-3,2026-05-20,2026-05-20T10:40:14.000000,2026-05-20T10:40:14.000000
1407,2,4,1,2-2,2026-05-21,2026-05-21T06:31:27.000000,2026-05-21T06:31:27.000000
1408,3,4,1,3-3,2026-05-21,2026-05-21T06:42:15.000000,2026-05-21T06:42:15.000000
1409,4,4,1,4-8,2026-05-21,2026-05-21T20:06:20.000000,2026-05-21T20:06:20.000000
1410,8,2,1,8-11,2026-05-21,2026-05-21T19:05:33.000000,2026-05-21T19:05:33.000000
1411,11,1,1,11-18,2026-05-21,2026-05-21T09:28:30.000000,2026-05-21T09:28:30.000000
1412,12,3,1,12-7,2026-05-21,2026-05-21T18:41:36.000000,2026-05-21T18:41:36.000000
1413,13,4,1,13-3,2026-05-21,2026-05-21T07:59:58.000000,2026-05-21T07:59:58.000000
1414,14,4,1,14-2,2026-05-21,2026-05-21T06:47:32.000000,2026-05-21T06:47:32.000000
1415,15,4,1,15-5,2026-05-21,2026-05-21T19:01:36.000000,2026-05-21T19:01:36.000000
1416,16,4,1,16-4,2026-05-21,2026-05-21T18:30:52.000000,2026-05-21T18:30:52.000000
1417,17,4,1,17-3,2026-05-21,2026-05-21T19:22:51.000000,2026-05-21T19:22:51.000000
1418,21,2,1,21-8,2026-05-21,2026-05-21T12:25:51.000000,2026-05-21T12:25:51.000000
1419,22,2,1,22-5,2026-05-21,2026-05-21T19:35:27.000000,2026-05-21T19:35:27.000000
1420,26,3,1,26-5,2026-05-21,2026-05-21T20:17:51.000000,2026-05-21T20:17:51.000000
1421,27,4,1,27-2,2026-05-21,2026-05-21T06:17:52.000000,2026-05-21T06:17:52.000000
1422,29,3,1,29-3,2026-05-21,2026-05-21T19:53:58.000000,2026-05-21T19:53:58.000000
1423,31,4,1,31-3,2026-05-21,2026-05-21T18:58:58.000000,2026-05-21T18:58:58.000000
1424,32,3,1,32-3,2026-05-21,2026-05-21T18:39:46.000000,2026-05-21T18:39:46.000000
1425,33,3,1,33-3,2026-05-21,2026-05-21T14:11:18.000000,2026-05-21T14:11:18.000000
1426,34,4,1,34-2,2026-05-21,2026-05-21T17:55:22.000000,2026-05-21T17:55:22.000000
1427,36,3,1,36-3,2026-05-21,2026-05-21T18:11:25.000000,2026-05-21T18:11:25.000000
1428,37,4,1,37-2,2026-05-21,2026-05-21T06:20:34.000000,2026-05-21T06:20:34.000000
1429,38,3,1,38-2,2026-05-21,2026-05-21T06:47:27.000000,2026-05-21T06:47:27.000000
1430,39,3,1,39-2,2026-05-21,2026-05-21T20:57:31.000000,2026-05-21T20:57:31.000000
1431,41,3,1,41-3,2026-05-21,2026-05-21T16:23:18.000000,2026-05-21T16:23:18.000000
1432,42,1,1,42-3,2026-05-21,2026-05-21T08:21:48.000000,2026-05-21T08:21:48.000000
1433,4,4,1,4-8,2026-05-22,2026-05-22T17:10:18.000000,2026-05-22T17:10:18.000000
1434,5,4,1,5-2,2026-05-22,2026-05-22T06:25:58.000000,2026-05-22T06:25:58.000000
1435,7,2,1,7-13,2026-05-22,2026-05-22T09:47:31.000000,2026-05-22T09:47:31.000000
1436,8,2,1,8-11,2026-05-22,2026-05-22T20:13:29.000000,2026-05-22T20:13:29.000000
1437,9,4,1,9-4,2026-05-22,2026-05-22T07:05:34.000000,2026-05-22T07:05:34.000000
1438,10,1,1,10-18,2026-05-22,2026-05-22T14:47:28.000000,2026-05-22T14:47:28.000000
1439,13,4,1,13-3,2026-05-22,2026-05-22T07:12:52.000000,2026-05-22T07:12:52.000000
1440,14,4,1,14-2,2026-05-22,2026-05-22T06:44:47.000000,2026-05-22T06:44:47.000000
1441,18,1,1,18-18,2026-05-22,2026-05-22T08:00:47.000000,2026-05-22T08:00:47.000000
1442,19,3,1,19-5,2026-05-22,2026-05-22T15:08:29.000000,2026-05-22T15:08:29.000000
1443,22,2,1,22-5,2026-05-22,2026-05-22T18:50:39.000000,2026-05-22T18:50:39.000000
1444,24,1,1,24-8,2026-05-22,2026-05-22T08:13:37.000000,2026-05-22T08:13:37.000000
1445,25,4,1,25-4,2026-05-22,2026-05-22T06:21:35.000000,2026-05-22T06:21:35.000000
1446,27,4,1,27-2,2026-05-22,2026-05-22T06:17:44.000000,2026-05-22T06:17:44.000000
1447,28,4,1,28-2,2026-05-22,2026-05-22T06:34:16.000000,2026-05-22T06:34:16.000000
1448,29,3,1,29-3,2026-05-22,2026-05-22T20:41:35.000000,2026-05-22T20:41:35.000000
1449,30,3,1,30-12,2026-05-22,2026-05-22T20:03:29.000000,2026-05-22T20:03:29.000000
1450,31,4,1,31-3,2026-05-22,2026-05-22T19:25:11.000000,2026-05-22T19:25:11.000000
1451,32,3,1,32-3,2026-05-22,2026-05-22T18:43:56.000000,2026-05-22T18:43:56.000000
1452,34,4,1,34-2,2026-05-22,2026-05-22T19:50:06.000000,2026-05-22T19:50:06.000000
1453,35,2,1,35-5,2026-05-22,2026-05-22T10:13:36.000000,2026-05-22T10:13:36.000000
1454,37,4,1,37-2,2026-05-22,2026-05-22T06:16:57.000000,2026-05-22T06:16:57.000000
1455,38,3,1,38-2,2026-05-22,2026-05-22T06:58:48.000000,2026-05-22T06:58:48.000000
1456,40,3,1,40-2,2026-05-22,2026-05-22T06:10:05.000000,2026-05-22T06:10:05.000000
1457,43,1,1,43-1,2026-05-22,2026-05-22T10:16:16.000000,2026-05-22T10:16:16.000000
1458,1,4,1,1-3,2026-05-23,2026-05-23T18:04:43.000000,2026-05-23T18:04:43.000000
1459,2,4,1,2-2,2026-05-23,2026-05-23T07:48:35.000000,2026-05-23T07:48:35.000000
1460,4,4,1,4-8,2026-05-23,2026-05-23T19:03:54.000000,2026-05-23T19:03:54.000000
1461,5,4,1,5-2,2026-05-23,2026-05-23T06:29:41.000000,2026-05-23T06:29:41.000000
1462,9,4,1,9-4,2026-05-23,2026-05-23T06:39:23.000000,2026-05-23T06:39:23.000000
1463,10,1,1,10-19,2026-05-23,2026-05-23T12:38:51.000000,2026-05-23T12:38:51.000000
1464,11,2,1,11-18,2026-05-23,2026-05-23T07:17:05.000000,2026-05-23T07:17:05.000000
1465,12,3,1,12-7,2026-05-23,2026-05-23T20:32:41.000000,2026-05-23T20:32:41.000000
1466,13,4,1,13-3,2026-05-23,2026-05-23T07:10:50.000000,2026-05-23T07:10:50.000000
1467,14,4,1,14-2,2026-05-23,2026-05-23T07:38:41.000000,2026-05-23T07:38:41.000000
1468,15,4,1,15-5,2026-05-23,2026-05-23T20:02:31.000000,2026-05-23T20:02:31.000000
1469,16,4,1,16-4,2026-05-23,2026-05-23T16:43:10.000000,2026-05-23T16:43:10.000000
1470,17,4,1,17-3,2026-05-23,2026-05-23T20:33:20.000000,2026-05-23T20:33:20.000000
1471,18,1,1,18-19,2026-05-23,2026-05-23T06:19:51.000000,2026-05-23T06:19:51.000000
1472,19,4,1,19-6,2026-05-23,2026-05-23T13:24:50.000000,2026-05-23T13:24:50.000000
1473,20,4,1,20-2,2026-05-23,2026-05-23T06:33:30.000000,2026-05-23T06:33:30.000000
1474,21,2,1,21-8,2026-05-23,2026-05-23T13:30:31.000000,2026-05-23T13:30:31.000000
1475,26,3,1,26-5,2026-05-23,2026-05-23T18:17:24.000000,2026-05-23T18:17:24.000000
1476,29,3,1,29-3,2026-05-23,2026-05-23T19:20:51.000000,2026-05-23T19:20:51.000000
1477,31,4,1,31-3,2026-05-23,2026-05-23T20:27:31.000000,2026-05-23T20:27:31.000000
1478,36,3,1,36-3,2026-05-23,2026-05-23T19:19:34.000000,2026-05-23T19:19:34.000000
1479,40,3,1,40-2,2026-05-23,2026-05-23T07:40:05.000000,2026-05-23T07:40:05.000000
1480,41,3,1,41-3,2026-05-23,2026-05-23T11:30:17.000000,2026-05-23T11:30:17.000000
1481,42,1,1,42-4,2026-05-23,2026-05-23T07:57:58.000000,2026-05-23T07:57:58.000000
1482,44,1,1,44-1,2026-05-24,2026-05-24T12:59:05.000000,2026-05-24T12:59:05.000000
1483,1,4,1,1-3,2026-05-25,2026-05-25T19:25:20.000000,2026-05-25T19:25:20.000000
1484,3,4,1,3-3,2026-05-25,2026-05-25T06:14:32.000000,2026-05-25T06:14:32.000000
1485,4,4,1,4-8,2026-05-25,2026-05-25T18:30:17.000000,2026-05-25T18:30:17.000000
1486,5,4,1,5-2,2026-05-25,2026-05-25T06:46:24.000000,2026-05-25T06:46:24.000000
1487,11,2,1,11-18,2026-05-25,2026-05-25T06:59:43.000000,2026-05-25T06:59:43.000000
1488,15,4,1,15-5,2026-05-25,2026-05-25T19:40:21.000000,2026-05-25T19:40:21.000000
1489,17,4,1,17-3,2026-05-25,2026-05-25T19:47:03.000000,2026-05-25T19:47:03.000000
1490,19,4,1,19-6,2026-05-25,2026-05-25T13:37:52.000000,2026-05-25T13:37:52.000000
1491,20,4,1,20-2,2026-05-25,2026-05-25T06:54:09.000000,2026-05-25T06:54:09.000000
1492,21,2,1,21-9,2026-05-25,2026-05-25T14:10:45.000000,2026-05-25T14:10:45.000000
1493,25,4,1,25-4,2026-05-25,2026-05-25T07:21:00.000000,2026-05-25T07:21:00.000000
1494,28,4,1,28-2,2026-05-25,2026-05-25T06:15:29.000000,2026-05-25T06:15:29.000000
1495,33,3,1,33-3,2026-05-25,2026-05-25T12:31:10.000000,2026-05-25T12:31:10.000000
1496,35,2,1,35-5,2026-05-25,2026-05-25T09:04:06.000000,2026-05-25T09:04:06.000000
1497,36,3,1,36-4,2026-05-25,2026-05-25T20:33:17.000000,2026-05-25T20:33:17.000000
1498,38,3,1,38-2,2026-05-25,2026-05-25T07:46:10.000000,2026-05-25T07:46:10.000000
1499,39,3,1,39-2,2026-05-25,2026-05-25T19:38:09.000000,2026-05-25T19:38:09.000000
1500,40,3,1,40-2,2026-05-25,2026-05-25T06:57:00.000000,2026-05-25T06:57:00.000000
1501,42,1,1,42-5,2026-05-25,2026-05-25T11:19:29.000000,2026-05-25T11:19:29.000000
1502,45,1,1,45-1,2026-05-25,2026-05-25T12:54:26.000000,2026-05-25T12:54:26.000000
1503,1,4,1,1-3,2026-05-26,2026-05-26T20:37:58.000000,2026-05-26T20:37:58.000000
1504,7,2,1,7-13,2026-05-26,2026-05-26T09:39:15.000000,2026-05-26T09:39:15.000000
1505,12,3,1,12-7,2026-05-26,2026-05-26T20:23:11.000000,2026-05-26T20:23:11.000000
1506,14,4,1,14-2,2026-05-26,2026-05-26T06:15:55.000000,2026-05-26T06:15:55.000000
1507,15,4,1,15-5,2026-05-26,2026-05-26T18:34:00.000000,2026-05-26T18:34:00.000000
1508,16,4,1,16-4,2026-05-26,2026-05-26T16:42:49.000000,2026-05-26T16:42:49.000000
1509,17,4,1,17-3,2026-05-26,2026-05-26T20:34:33.000000,2026-05-26T20:34:33.000000
1510,18,1,1,18-20,2026-05-26,2026-05-26T06:54:07.000000,2026-05-26T06:54:07.000000
1511,19,4,1,19-6,2026-05-26,2026-05-26T11:13:33.000000,2026-05-26T11:13:33.000000
1512,20,4,1,20-2,2026-05-26,2026-05-26T06:40:21.000000,2026-05-26T06:40:21.000000
1513,21,2,1,21-9,2026-05-26,2026-05-26T12:34:00.000000,2026-05-26T12:34:00.000000
1514,22,2,1,22-5,2026-05-26,2026-05-26T20:55:11.000000,2026-05-26T20:55:11.000000
1515,25,4,1,25-4,2026-05-26,2026-05-26T07:03:15.000000,2026-05-26T07:03:15.000000
1516,27,4,1,27-2,2026-05-26,2026-05-26T06:12:24.000000,2026-05-26T06:12:24.000000
1517,28,4,1,28-2,2026-05-26,2026-05-26T07:11:49.000000,2026-05-26T07:11:49.000000
1518,29,3,1,29-3,2026-05-26,2026-05-26T20:25:21.000000,2026-05-26T20:25:21.000000
1519,31,4,1,31-3,2026-05-26,2026-05-26T20:33:03.000000,2026-05-26T20:33:03.000000
1520,32,3,1,32-3,2026-05-26,2026-05-26T20:50:01.000000,2026-05-26T20:50:01.000000
1521,33,3,1,33-3,2026-05-26,2026-05-26T13:56:21.000000,2026-05-26T13:56:21.000000
1522,34,4,1,34-2,2026-05-26,2026-05-26T17:53:02.000000,2026-05-26T17:53:02.000000
1523,37,4,1,37-2,2026-05-26,2026-05-26T07:33:42.000000,2026-05-26T07:33:42.000000
1524,38,3,1,38-2,2026-05-26,2026-05-26T06:01:37.000000,2026-05-26T06:01:37.000000
1525,39,3,1,39-2,2026-05-26,2026-05-26T19:13:11.000000,2026-05-26T19:13:11.000000
1526,42,1,1,42-6,2026-05-26,2026-05-26T08:53:09.000000,2026-05-26T08:53:09.000000
1527,45,2,1,45-2,2026-05-26,2026-05-26T17:03:46.000000,2026-05-26T17:03:46.000000
1528,46,1,1,46-1,2026-05-26,2026-05-26T19:15:43.000000,2026-05-26T19:15:43.000000
1529,2,4,1,2-2,2026-05-27,2026-05-27T06:40:25.000000,2026-05-27T06:40:25.000000
1530,9,4,1,9-4,2026-05-27,2026-05-27T06:58:13.000000,2026-05-27T06:58:13.000000
1531,12,3,1,12-7,2026-05-27,2026-05-27T18:52:53.000000,2026-05-27T18:52:53.000000
1532,13,4,1,13-3,2026-05-27,2026-05-27T07:25:10.000000,2026-05-27T07:25:10.000000
1533,14,4,1,14-2,2026-05-27,2026-05-27T06:30:30.000000,2026-05-27T06:30:30.000000
1534,15,4,1,15-5,2026-05-27,2026-05-27T20:59:15.000000,2026-05-27T20:59:15.000000
1535,18,1,1,18-21,2026-05-27,2026-05-27T12:55:13.000000,2026-05-27T12:55:13.000000
1536,19,4,1,19-6,2026-05-27,2026-05-27T13:48:49.000000,2026-05-27T13:48:49.000000
1537,20,4,1,20-2,2026-05-27,2026-05-27T07:44:44.000000,2026-05-27T07:44:44.000000
1538,21,2,1,21-9,2026-05-27,2026-05-27T14:57:24.000000,2026-05-27T14:57:24.000000
1539,23,2,1,23-10,2026-05-27,2026-05-27T06:53:35.000000,2026-05-27T06:53:35.000000
1540,27,4,1,27-2,2026-05-27,2026-05-27T07:27:56.000000,2026-05-27T07:27:56.000000
1541,28,4,1,28-2,2026-05-27,2026-05-27T06:48:21.000000,2026-05-27T06:48:21.000000
1542,29,3,1,29-3,2026-05-27,2026-05-27T20:20:36.000000,2026-05-27T20:20:36.000000
1543,33,3,1,33-3,2026-05-27,2026-05-27T10:10:26.000000,2026-05-27T10:10:26.000000
1544,34,4,1,34-2,2026-05-27,2026-05-27T18:48:25.000000,2026-05-27T18:48:25.000000
1545,35,2,1,35-5,2026-05-27,2026-05-27T07:36:21.000000,2026-05-27T07:36:21.000000
1546,36,3,1,36-4,2026-05-27,2026-05-27T20:28:36.000000,2026-05-27T20:28:36.000000
1547,37,4,1,37-2,2026-05-27,2026-05-27T06:33:22.000000,2026-05-27T06:33:22.000000
1548,38,3,1,38-2,2026-05-27,2026-05-27T06:52:57.000000,2026-05-27T06:52:57.000000
1549,39,3,1,39-2,2026-05-27,2026-05-27T20:36:02.000000,2026-05-27T20:36:02.000000
1550,47,1,1,47-1,2026-05-27,2026-05-27T12:07:13.000000,2026-05-27T12:07:13.000000
1551,48,1,1,48-1,2026-05-27,2026-05-27T13:15:00.000000,2026-05-27T13:15:00.000000
1552,1,4,1,1-3,2026-05-28,2026-05-28T20:15:17.000000,2026-05-28T20:15:17.000000
1553,3,4,1,3-3,2026-05-28,2026-05-28T06:21:56.000000,2026-05-28T06:21:56.000000
1554,4,4,1,4-8,2026-05-28,2026-05-28T19:21:46.000000,2026-05-28T19:21:46.000000
1555,5,4,1,5-2,2026-05-28,2026-05-28T07:01:33.000000,2026-05-28T07:01:33.000000
1556,8,2,1,8-11,2026-05-28,2026-05-28T18:30:49.000000,2026-05-28T18:30:49.000000
1557,11,2,1,11-18,2026-05-28,2026-05-28T09:58:01.000000,2026-05-28T09:58:01.000000
1558,12,3,1,12-7,2026-05-28,2026-05-28T20:19:25.000000,2026-05-28T20:19:25.000000
1559,13,4,1,13-3,2026-05-28,2026-05-28T06:22:34.000000,2026-05-28T06:22:34.000000
1560,15,4,1,15-5,2026-05-28,2026-05-28T19:59:19.000000,2026-05-28T19:59:19.000000
1561,16,4,1,16-4,2026-05-28,2026-05-28T18:53:35.000000,2026-05-28T18:53:35.000000
1562,17,4,1,17-3,2026-05-28,2026-05-28T18:35:54.000000,2026-05-28T18:35:54.000000
1563,18,2,1,18-22,2026-05-28,2026-05-28T10:32:09.000000,2026-05-28T10:32:09.000000
1564,19,4,1,19-6,2026-05-28,2026-05-28T14:54:34.000000,2026-05-28T14:54:34.000000
1565,20,4,1,20-2,2026-05-28,2026-05-28T07:35:41.000000,2026-05-28T07:35:41.000000
1566,21,2,1,21-9,2026-05-28,2026-05-28T12:18:34.000000,2026-05-28T12:18:34.000000
1567,22,1,1,22-6,2026-05-28,2026-05-28T18:48:22.000000,2026-05-28T18:48:22.000000
1568,25,4,1,25-4,2026-05-28,2026-05-28T06:33:20.000000,2026-05-28T06:33:20.000000
1569,27,4,1,27-2,2026-05-28,2026-05-28T06:10:33.000000,2026-05-28T06:10:33.000000
1570,28,4,1,28-2,2026-05-28,2026-05-28T06:29:36.000000,2026-05-28T06:29:36.000000
1571,29,2,1,29-4,2026-05-28,2026-05-28T18:44:57.000000,2026-05-28T18:44:57.000000
1572,31,4,1,31-3,2026-05-28,2026-05-28T18:43:58.000000,2026-05-28T18:43:58.000000
1573,32,3,1,32-3,2026-05-28,2026-05-28T19:26:21.000000,2026-05-28T19:26:21.000000
1574,33,3,1,33-3,2026-05-28,2026-05-28T12:03:40.000000,2026-05-28T12:03:40.000000
1575,34,4,1,34-2,2026-05-28,2026-05-28T19:33:57.000000,2026-05-28T19:33:57.000000
1576,36,3,1,36-4,2026-05-28,2026-05-28T16:59:34.000000,2026-05-28T16:59:34.000000
1577,39,3,1,39-2,2026-05-28,2026-05-28T20:33:37.000000,2026-05-28T20:33:37.000000
1578,42,1,1,42-7,2026-05-28,2026-05-28T07:29:36.000000,2026-05-28T07:29:36.000000
1579,45,2,1,45-2,2026-05-28,2026-05-28T13:50:50.000000,2026-05-28T13:50:50.000000
1580,48,3,1,48-2,2026-05-28,2026-05-28T13:46:56.000000,2026-05-28T13:46:56.000000
1581,2,4,1,2-2,2026-05-29,2026-05-29T06:47:38.000000,2026-05-29T06:47:38.000000
1582,4,4,1,4-8,2026-05-29,2026-05-29T19:06:51.000000,2026-05-29T19:06:51.000000
1583,5,4,1,5-2,2026-05-29,2026-05-29T07:43:39.000000,2026-05-29T07:43:39.000000
1584,8,2,1,8-11,2026-05-29,2026-05-29T19:29:37.000000,2026-05-29T19:29:37.000000
1585,11,2,1,11-18,2026-05-29,2026-05-29T07:06:35.000000,2026-05-29T07:06:35.000000
1586,13,4,1,13-3,2026-05-29,2026-05-29T06:33:29.000000,2026-05-29T06:33:29.000000
1587,16,4,1,16-4,2026-05-29,2026-05-29T19:26:00.000000,2026-05-29T19:26:00.000000
1588,19,4,1,19-6,2026-05-29,2026-05-29T14:39:37.000000,2026-05-29T14:39:37.000000
1589,20,4,1,20-2,2026-05-29,2026-05-29T06:31:12.000000,2026-05-29T06:31:12.000000
1590,22,2,1,22-6,2026-05-29,2026-05-29T18:45:35.000000,2026-05-29T18:45:35.000000
1591,25,4,1,25-4,2026-05-29,2026-05-29T06:39:43.000000,2026-05-29T06:39:43.000000
1592,26,3,1,26-5,2026-05-29,2026-05-29T19:47:01.000000,2026-05-29T19:47:01.000000
1593,27,4,1,27-2,2026-05-29,2026-05-29T06:32:33.000000,2026-05-29T06:32:33.000000
1594,28,4,1,28-2,2026-05-29,2026-05-29T06:21:27.000000,2026-05-29T06:21:27.000000
1595,29,2,1,29-4,2026-05-29,2026-05-29T19:53:09.000000,2026-05-29T19:53:09.000000
1596,31,4,1,31-3,2026-05-29,2026-05-29T18:38:01.000000,2026-05-29T18:38:01.000000
1597,38,3,1,38-2,2026-05-29,2026-05-29T06:45:40.000000,2026-05-29T06:45:40.000000
1598,39,3,1,39-2,2026-05-29,2026-05-29T19:19:23.000000,2026-05-29T19:19:23.000000
1599,40,3,1,40-2,2026-05-29,2026-05-29T07:00:20.000000,2026-05-29T07:00:20.000000
1600,41,3,1,41-3,2026-05-29,2026-05-29T16:44:12.000000,2026-05-29T16:44:12.000000
1601,47,1,1,47-2,2026-05-29,2026-05-29T14:00:02.000000,2026-05-29T14:00:02.000000
1602,48,3,1,48-2,2026-05-29,2026-05-29T12:05:58.000000,2026-05-29T12:05:58.000000
1603,49,1,1,49-1,2026-05-29,2026-05-29T11:48:46.000000,2026-05-29T11:48:46.000000
1604,1,4,1,1-3,2026-05-30,2026-05-30T20:02:05.000000,2026-05-30T20:02:05.000000
1605,2,4,1,2-2,2026-05-30,2026-05-30T06:05:47.000000,2026-05-30T06:05:47.000000
1606,4,4,1,4-8,2026-05-30,2026-05-30T18:45:47.000000,2026-05-30T18:45:47.000000
1607,6,1,1,6-14,2026-05-30,2026-05-30T14:23:55.000000,2026-05-30T14:23:55.000000
1608,7,1,1,7-14,2026-05-30,2026-05-30T09:16:39.000000,2026-05-30T09:16:39.000000
1609,8,1,1,8-12,2026-05-30,2026-05-30T18:23:53.000000,2026-05-30T18:23:53.000000
1610,9,4,1,9-4,2026-05-30,2026-05-30T06:03:54.000000,2026-05-30T06:03:54.000000
1611,10,1,1,10-20,2026-05-30,2026-05-30T11:34:44.000000,2026-05-30T11:34:44.000000
1612,13,4,1,13-3,2026-05-30,2026-05-30T06:23:31.000000,2026-05-30T06:23:31.000000
1613,14,4,1,14-2,2026-05-30,2026-05-30T06:31:07.000000,2026-05-30T06:31:07.000000
1614,15,4,1,15-5,2026-05-30,2026-05-30T17:52:33.000000,2026-05-30T17:52:33.000000
1615,17,4,1,17-3,2026-05-30,2026-05-30T19:02:34.000000,2026-05-30T19:02:34.000000
1616,18,2,1,18-22,2026-05-30,2026-05-30T10:59:51.000000,2026-05-30T10:59:51.000000
1617,19,4,1,19-6,2026-05-30,2026-05-30T11:48:22.000000,2026-05-30T11:48:22.000000
1618,20,4,1,20-2,2026-05-30,2026-05-30T06:11:46.000000,2026-05-30T06:11:46.000000
1619,21,2,1,21-9,2026-05-30,2026-05-30T11:05:01.000000,2026-05-30T11:05:01.000000
1620,25,4,1,25-4,2026-05-30,2026-05-30T06:34:18.000000,2026-05-30T06:34:18.000000
1621,26,3,1,26-5,2026-05-30,2026-05-30T19:38:31.000000,2026-05-30T19:38:31.000000
1622,28,4,1,28-2,2026-05-30,2026-05-30T06:35:21.000000,2026-05-30T06:35:21.000000
1623,29,2,1,29-4,2026-05-30,2026-05-30T20:31:39.000000,2026-05-30T20:31:39.000000
1624,31,4,1,31-3,2026-05-30,2026-05-30T19:06:41.000000,2026-05-30T19:06:41.000000
1625,33,3,1,33-3,2026-05-30,2026-05-30T12:08:37.000000,2026-05-30T12:08:37.000000
1626,35,2,1,35-5,2026-05-30,2026-05-30T10:48:15.000000,2026-05-30T10:48:15.000000
1627,37,4,1,37-2,2026-05-30,2026-05-30T07:16:32.000000,2026-05-30T07:16:32.000000
1628,39,3,1,39-2,2026-05-30,2026-05-30T18:48:38.000000,2026-05-30T18:48:38.000000
1629,41,3,1,41-3,2026-05-30,2026-05-30T17:20:47.000000,2026-05-30T17:20:47.000000
1630,42,1,1,42-8,2026-05-30,2026-05-30T10:03:25.000000,2026-05-30T10:03:25.000000
1631,43,1,1,43-2,2026-05-30,2026-05-30T14:18:15.000000,2026-05-30T14:18:15.000000
1632,45,2,1,45-2,2026-05-30,2026-05-30T12:58:21.000000,2026-05-30T12:58:21.000000
1633,49,2,1,49-2,2026-05-30,2026-05-30T13:03:18.000000,2026-05-30T13:03:18.000000
